Date,actual,rf_pred_tunned,xgb_pred_tunned
2016-05-05,1289.0,1287.5546161390696,1283.8119
2016-05-06,1265.25,1288.2778667773207,1283.8119
2016-05-09,1262.8,1289.6184857566868,1286.2937
2016-05-10,1276.85,1251.5894454552388,1267.8513
2016-05-11,1279.25,1250.979772583666,1269.8872
2016-05-12,1265.9,1277.959555728647,1289.6794
2016-05-13,1285.75,1284.703838801559,1286.7029
2016-05-16,1277.0,1252.2938495768117,1269.6033
2016-05-17,1272.9,1287.1975863181967,1290.5146
2016-05-18,1246.25,1277.2514637061684,1288.4941
2016-05-19,1254.2,1276.9730465275131,1269.2393
2016-05-20,1245.9,1237.9846597485848,1252.1046
2016-05-23,1236.85,1240.8646441024248,1254.4774
2016-05-24,1220.6,1237.6951612283551,1255.9701
2016-05-25,1223.85,1236.6994651945276,1254.2089
2016-05-26,1216.25,1227.9972884214242,1235.9319
2016-05-27,1216.25,1231.94483173632,1241.4518
2016-05-30,1212.1,1219.0151899098653,1221.7899
2016-05-31,1214.5,1218.028704973968,1225.7991
2016-06-01,1212.4,1213.9582635077957,1219.9182
2016-06-02,1240.5,1216.3509074055646,1226.9438
2016-06-03,1244.0,1213.0715450187276,1219.9795
2016-06-06,1241.0,1235.302839741508,1243.8323
2016-06-07,1263.0,1237.3244362086853,1246.2795
2016-06-08,1263.9,1237.7958180562491,1245.8483
2016-06-09,1275.5,1253.810922719641,1262.8754
2016-06-10,1280.8,1253.7782513091072,1266.4122
2016-06-13,1287.15,1280.6026667096794,1286.4769
2016-06-14,1283.3,1289.360849282662,1288.8507
2016-06-15,1310.75,1289.0209476669168,1289.1439
2016-06-16,1290.7,1290.4542575301164,1290.6707
2016-06-17,1281.8,1313.0177159958912,1305.5454
2016-06-20,1272.6,1294.094162340519,1291.3251
2016-06-21,1264.85,1288.7932223326106,1291.1938
2016-06-22,1262.15,1278.110605952463,1271.0929
2016-06-23,1315.5,1254.2811232031852,1271.1542
2016-06-24,1324.55,1255.1111141865078,1272.3147
2016-06-27,1309.7,1323.7656670320084,1315.6663
2016-06-28,1321.5,1329.8874754852793,1325.9467
2016-06-29,1320.75,1313.7497460484772,1308.2389
2016-06-30,1340.0,1334.8049878506915,1319.2225
2016-07-01,1350.75,1335.696087601635,1320.8745
2016-07-04,1350.75,1337.9903687496542,1333.2177
2016-07-05,1366.25,1355.6649464283669,1346.2294
2016-07-06,1356.7,1357.4547129951336,1346.7693
2016-07-07,1354.25,1359.093043074776,1348.1042
2016-07-08,1357.1,1359.9125543725065,1351.1311
2016-07-11,1342.4,1359.0648950249094,1350.1986
2016-07-12,1342.75,1360.3346274209857,1349.1772
2016-07-13,1323.6,1346.3934385386874,1336.2568
2016-07-14,1327.0,1346.8114419935657,1335.7585
2016-07-15,1334.7,1332.848674639596,1326.3824
2016-07-18,1330.9,1334.0858046588828,1328.4366
2016-07-19,1315.9,1335.805030849706,1338.4469
2016-07-20,1321.15,1337.6862987977302,1328.8777
2016-07-21,1320.75,1333.4740845283186,1324.449
2016-07-22,1313.15,1331.917217190795,1319.8389
2016-07-25,1323.0,1333.5462176434676,1322.1921
2016-07-26,1329.0,1327.4486057241372,1324.3092
2016-07-27,1341.75,1334.4970094991816,1327.7335
2016-07-28,1342.0,1336.0052092133565,1330.0961
2016-07-29,1349.65,1343.3465779349124,1338.6206
2016-08-01,1363.75,1344.564016071224,1337.4836
2016-08-02,1358.9,1350.860560128902,1350.8217
2016-08-03,1362.75,1357.691486211501,1351.8713
2016-08-04,1340.4,1359.503736397079,1350.9559
2016-08-05,1336.8,1358.1859601282092,1349.0588
2016-08-08,1341.0,1337.5121201583138,1336.1917
2016-08-09,1347.7,1335.4787808066933,1336.178
2016-08-10,1355.0,1335.8896491841492,1337.3685
2016-08-11,1352.2,1354.3691582564697,1337.614
2016-08-12,1339.4,1355.470305727055,1349.8209
2016-08-15,1344.0,1355.4312094193594,1350.7065
2016-08-16,1343.35,1331.4362768221358,1338.536
2016-08-17,1350.05,1347.8314038546212,1337.3685
2016-08-18,1346.4,1345.3734044581843,1337.614
2016-08-19,1335.9,1354.983726639476,1349.9474
2016-08-22,1342.0,1354.3745950927137,1335.3502
2016-08-23,1327.25,1334.5688180066456,1336.0588
2016-08-24,1321.3,1345.5668497316606,1337.2382
2016-08-25,1318.75,1334.212038593351,1328.5596
2016-08-26,1318.75,1329.4376803647738,1318.8424
2016-08-29,1318.15,1326.1409202429516,1317.636
2016-08-30,1309.25,1325.0744406288159,1324.1112
2016-08-31,1309.5,1327.2773476974419,1324.1112
2016-09-01,1324.7,1307.1802181856133,1309.1938
2016-09-02,1326.35,1310.1517879595895,1310.0903
2016-09-05,1337.25,1333.2187346819849,1327.8861
2016-09-06,1348.35,1335.801442255661,1328.9902
2016-09-07,1343.4,1339.4678093122156,1338.5594
2016-09-08,1330.85,1354.5470208435356,1351.7397
2016-09-09,1324.6,1348.7762439051958,1337.7595
2016-09-12,1323.65,1339.7520109456516,1330.2434
2016-09-13,1321.75,1334.673115072428,1329.0759
2016-09-14,1310.8,1331.7574203747643,1328.8083
2016-09-15,1308.35,1331.0803142274392,1319.1866
2016-09-16,1314.85,1308.9607393752078,1304.773
2016-09-19,1313.8,1303.9288888586902,1308.2776
2016-09-20,1326.1,1324.9725951860642,1323.1536
2016-09-21,1339.1,1324.4652923430738,1324.3414
2016-09-22,1338.65,1335.2484244852371,1329.967
2016-09-23,1340.5,1340.091835052101,1337.7408
2016-09-26,1327.0,1339.4164941776974,1337.9141
2016-09-27,1322.5,1340.0066569212038,1337.3419
2016-09-28,1318.1,1337.0092308264655,1328.161
2016-09-29,1322.5,1334.1892110441645,1319.6382
2016-09-30,1313.3,1329.0300965579559,1319.5118
2016-10-03,1283.3,1330.1202495265156,1320.6907
2016-10-04,1269.4,1324.293833586552,1320.5781
2016-10-05,1254.5,1287.0475004266573,1294.6914
2016-10-06,1258.75,1281.2505870886062,1275.6772
2016-10-07,1259.5,1241.1407658910532,1260.1926
2016-10-10,1253.45,1260.0981726058665,1258.1145
2016-10-11,1256.5,1260.3702785485348,1259.3943
2016-10-12,1261.05,1240.3961430791428,1258.4132
2016-10-13,1251.75,1256.267839868465,1254.8218
2016-10-14,1254.8,1257.5515098262845,1271.3076
2016-10-17,1258.2,1241.013432945526,1254.9275
2016-10-18,1269.05,1241.3736334665332,1254.5763
2016-10-19,1271.65,1257.998348747086,1254.5763
2016-10-20,1266.05,1271.7524486833424,1270.6222
2016-10-21,1265.55,1278.4237022311836,1269.7499
2016-10-24,1269.4,1257.3855862963421,1267.4614
2016-10-25,1270.5,1259.1970751893934,1268.0476
2016-10-26,1266.25,1276.9453751034507,1268.6864
2016-10-27,1273.0,1279.3547852384543,1262.7152
2016-10-28,1272.0,1257.7037236416354,1261.9081
2016-10-31,1288.45,1280.6928115704554,1264.8406
2016-11-01,1303.75,1280.1379373391312,1262.114
2016-11-02,1301.0,1286.571746384947,1283.8115
2016-11-03,1302.8,1302.7084149773832,1301.2748
2016-11-04,1283.05,1300.4674825348263,1299.8334
2016-11-07,1282.35,1299.0608541527918,1300.2573
2016-11-08,1281.4,1286.3851644963497,1284.6755
2016-11-09,1267.5,1287.1493210620063,1282.6699
2016-11-10,1236.45,1287.794700724623,1283.6882
2016-11-11,1213.6,1269.1164872155618,1265.8695
2016-11-14,1226.95,1234.0437514218422,1245.0626
2016-11-15,1229.2,1218.958667642081,1226.9927
2016-11-16,1226.75,1232.6179338956194,1242.823
2016-11-17,1211.0,1230.2737074498427,1240.0203
2016-11-18,1214.25,1225.957735651502,1233.7
2016-11-21,1212.25,1214.7672612887116,1211.4104
2016-11-22,1185.35,1215.4986874694755,1217.683
2016-11-23,1186.1,1211.705554607199,1209.8649
2016-11-24,1187.7,1195.9058941329506,1192.8153
2016-11-25,1187.0,1203.2383714059226,1203.3416
2016-11-28,1186.55,1203.8338304912813,1203.5635
2016-11-29,1178.1,1203.6753626604198,1202.572
2016-11-30,1161.85,1203.2903756793448,1200.7628
2016-12-01,1173.5,1180.974729855909,1187.9849
2016-12-02,1162.2,1171.331524507382,1166.2758
2016-12-05,1172.5,1183.9630691298294,1180.4647
2016-12-06,1177.65,1171.152822529207,1170.5875
2016-12-07,1171.05,1183.1238070994987,1183.5142
2016-12-08,1163.6,1184.8581978413958,1191.6077
2016-12-09,1156.1,1178.6023532852569,1185.1106
2016-12-12,1158.55,1171.3186511547483,1168.0713
2016-12-13,1162.25,1164.4613494772589,1169.4346
2016-12-14,1126.95,1167.490499825175,1168.1473
2016-12-15,1131.6,1174.6730535810862,1167.922
2016-12-16,1136.25,1137.6707615426233,1144.1066
2016-12-19,1125.7,1136.9422628524246,1142.5228
2016-12-20,1133.65,1138.2513364725548,1138.46
2016-12-21,1131.35,1135.9431366466858,1137.2612
2016-12-22,1131.35,1136.1642168387166,1136.8416
2016-12-23,1131.35,1133.896039359252,1136.1077
2016-12-26,1131.35,1135.9209047667612,1140.3658
2016-12-27,1134.6,1136.5767273094957,1137.5771
2016-12-28,1145.9,1136.198237142718,1135.096
2016-12-29,1145.9,1137.7132708909144,1136.1958
2016-12-30,1145.9,1147.6566171023417,1146.3065
2017-01-02,1151.0,1145.7229055826122,1162.8623
2017-01-03,1164.25,1145.6145531024533,1156.8207
2017-01-04,1176.7,1157.955082437701,1153.9958
2017-01-05,1175.85,1177.3272225756875,1170.7455
2017-01-06,1178.5,1189.4254563533682,1194.3469
2017-01-09,1189.5,1190.3814214146953,1185.8489
2017-01-10,1178.55,1190.765297924297,1194.3005
2017-01-11,1205.05,1208.6266940212563,1206.9607
2017-01-12,1190.35,1188.0358669774673,1194.0831
2017-01-13,1203.0,1209.1822531569935,1203.3132
2017-01-16,1216.05,1208.724353265484,1205.5856
2017-01-17,1214.75,1211.7581529588458,1205.9073
2017-01-18,1196.05,1218.6638795604524,1217.2698
2017-01-19,1200.55,1218.2507285323138,1217.1969
2017-01-20,1212.85,1210.31961856789,1210.0359
2017-01-23,1216.8,1212.190041608738,1207.888
2017-01-24,1195.0,1219.067856731198,1213.7628
2017-01-25,1189.7,1219.7310850487138,1220.503
2017-01-26,1184.85,1211.6509433198746,1201.5002
2017-01-27,1192.8,1209.4319485441647,1202.4365
2017-01-30,1212.8,1204.4192713841715,1188.4922
2017-01-31,1203.65,1212.068253155872,1199.1617
2017-02-01,1221.95,1218.505812255535,1204.7971
2017-02-02,1215.2,1211.103075198331,1201.274
2017-02-03,1226.75,1228.5515687755876,1233.382
2017-02-06,1231.0,1219.1226512932333,1215.0149
2017-02-07,1242.1,1230.127837858323,1229.916
2017-02-08,1236.8,1229.6951895732748,1232.6536
2017-02-09,1228.3,1234.356182819876,1237.4639
2017-02-10,1222.25,1233.4659885529911,1239.2054
2017-02-13,1230.75,1236.923962929433,1235.088
2017-02-14,1224.4,1235.2445552343493,1235.088
2017-02-15,1240.55,1238.5605247875908,1235.2257
2017-02-16,1241.95,1240.9012967004003,1235.9149
2017-02-17,1237.3,1251.65256755481,1240.3068
2017-02-20,1233.2,1248.9968893809014,1239.2091
2017-02-21,1236.65,1246.0955081045383,1239.0714
2017-02-22,1247.9,1242.4052010978817,1235.088
2017-02-23,1253.65,1249.2566916451806,1240.036
2017-02-24,1257.2,1247.8543260271185,1241.9816
2017-02-27,1255.6,1247.1077261454022,1243.1823
2017-02-28,1240.4,1258.4586871138467,1248.6954
2017-03-01,1238.1,1256.3990726527354,1248.5577
2017-03-02,1226.5,1249.6389855473574,1244.6595
2017-03-03,1230.95,1250.6966292370007,1245.5958
2017-03-06,1216.65,1239.3964106504611,1241.7687
2017-03-07,1209.2,1239.9831078012267,1240.3793
2017-03-08,1206.55,1216.0342698211518,1220.7759
2017-03-09,1202.65,1200.7439391872017,1213.6086
2017-03-10,1204.2,1198.473894804501,1207.1273
2017-03-13,1204.6,1199.5842223670734,1205.6404
2017-03-14,1198.8,1201.32963212584,1205.7781
2017-03-15,1229.35,1201.0585648652411,1203.0405
2017-03-16,1229.6,1200.3796874531515,1203.7297
2017-03-17,1232.4,1233.9877353778165,1231.4866
2017-03-20,1241.6,1233.9001485958483,1232.4008
2017-03-21,1249.05,1235.3449847770282,1234.5256
2017-03-22,1247.5,1237.7829972319344,1238.8948
2017-03-23,1247.5,1240.0878412907764,1241.0972
2017-03-24,1257.55,1245.1839868341224,1241.868
2017-03-27,1257.25,1244.3711326389912,1240.7477
2017-03-28,1251.1,1257.0102718250494,1249.9609
2017-03-29,1248.8,1259.8516926008015,1249.9724
2017-03-30,1244.85,1249.8424203526863,1253.5242
2017-03-31,1247.25,1251.204766831902,1251.4966
2017-04-03,1257.65,1250.8007784743033,1250.8652
2017-04-04,1245.8,1252.276580044261,1251.0029
2017-04-05,1252.5,1262.4377367056552,1253.2422
2017-04-06,1266.45,1250.543635728283,1251.3396
2017-04-07,1250.05,1255.3385853972404,1253.2482
2017-04-10,1252.9,1262.703967825924,1267.6141
2017-04-11,1274.3,1251.565533280608,1250.2749
2017-04-12,1284.15,1252.7525137959258,1251.2262
2017-04-13,1284.15,1279.8914041927646,1287.7787
2017-04-14,1284.15,1288.0648233173079,1287.5491
2017-04-17,1278.95,1287.6453688805072,1287.4878
2017-04-18,1279.05,1287.4762967026852,1285.7712
2017-04-19,1282.1,1280.7564946248208,1285.6335
2017-04-20,1281.85,1281.4808659854855,1288.3197
2017-04-21,1269.4,1287.3705503310014,1288.3197
2017-04-24,1267.8,1286.998352861804,1288.6213
2017-04-25,1261.85,1273.8576734724431,1268.867
2017-04-26,1262.8,1262.218420417777,1268.867
2017-04-27,1266.45,1255.8463291708288,1270.4222
2017-04-28,1266.45,1258.0014806048107,1271.34
2017-05-01,1255.45,1257.071741292735,1272.0826
2017-05-02,1250.3,1257.959017338217,1270.1434
2017-05-03,1228.45,1246.75025645535,1255.3574
2017-05-04,1228.05,1242.351637001887,1253.5533
2017-05-05,1229.8,1232.902248516068,1248.856
2017-05-08,1220.4,1234.7863447580212,1246.9553
2017-05-09,1222.95,1233.5226561396946,1243.8506
2017-05-10,1223.15,1225.053912871851,1219.3762
2017-05-11,1231.25,1229.4516028790663,1235.1362
2017-05-12,1233.3,1227.8020696941953,1237.0969
2017-05-15,1234.2,1232.3168591203937,1236.1584
2017-05-16,1257.4,1234.4593065431102,1236.1311
2017-05-17,1255.9,1235.117142094364,1236.1584
2017-05-18,1252.0,1255.9670536997717,1245.2557
2017-05-19,1258.85,1253.720005214924,1245.0728
2017-05-22,1260.2,1244.7390687670988,1244.8271
2017-05-23,1252.55,1258.0018049877199,1249.909
2017-05-24,1256.95,1260.3010348873347,1252.3043
2017-05-25,1265.05,1250.799133962565,1252.7969
2017-05-26,1265.05,1262.9066567342375,1251.8092
2017-05-29,1262.7,1264.9549705759512,1268.6058
2017-05-30,1266.2,1266.5751444291811,1268.1648
2017-05-31,1264.85,1263.421093431568,1267.7274
2017-06-01,1274.95,1265.3692805257235,1267.9264
2017-06-02,1279.95,1265.4273727335158,1268.9716
2017-06-05,1293.5,1282.3625010448702,1288.9646
2017-06-06,1291.0,1289.3393684868038,1289.2643
2017-06-07,1273.1,1296.601033987969,1288.7867
2017-06-08,1266.55,1295.007163319894,1289.1903
2017-06-09,1266.4,1282.158537529566,1269.5609
2017-06-12,1262.0,1262.4773100510597,1269.2601
2017-06-13,1275.5,1263.5099182393992,1269.3978
2017-06-14,1254.55,1260.6068236603676,1269.2601
2017-06-15,1255.4,1280.9820743573866,1289.1792
2017-06-16,1248.15,1242.1902922799422,1252.8322
2017-06-19,1242.2,1247.3236743971304,1252.5769
2017-06-20,1242.5,1241.44368118895,1249.2148
2017-06-21,1250.8,1242.1110755251696,1247.4536
2017-06-22,1255.7,1244.4816516858145,1247.9425
2017-06-23,1245.25,1246.0262327082637,1252.0911
2017-06-26,1249.55,1260.5966130549998,1252.382
2017-06-27,1248.0,1248.23904535742,1244.7343
2017-06-28,1243.5,1250.4791925272634,1245.5212
2017-06-29,1242.25,1248.3657572875038,1245.1813
2017-06-30,1229.25,1251.7354220269308,1245.3656
2017-07-03,1223.75,1253.3948496350868,1243.3588
2017-07-04,1220.3,1236.5511029574598,1240.4448
2017-07-05,1224.9,1235.1745369956436,1233.4834
2017-07-06,1215.65,1226.1893312340444,1222.8966
2017-07-07,1211.9,1237.3017794864868,1236.5758
2017-07-10,1211.05,1219.1485859227587,1222.1199
2017-07-11,1218.8,1211.5892327585623,1214.4712
2017-07-12,1218.9,1210.1331754041112,1214.4712
2017-07-13,1230.3,1224.2339512175326,1220.5981
2017-07-14,1234.1,1224.6899042346545,1222.2714
2017-07-17,1240.75,1235.048737700147,1234.8097
2017-07-18,1242.15,1237.063298252095,1233.8999
2017-07-19,1238.7,1241.4658665272223,1239.7507
2017-07-20,1248.55,1245.7914968989344,1241.785
2017-07-21,1255.55,1248.3053589320405,1243.0803
2017-07-24,1254.4,1246.6645744905422,1243.0818
2017-07-25,1248.1,1253.2952421869786,1245.2937
2017-07-26,1261.1,1249.7282140197622,1251.2897
2017-07-27,1264.9,1249.9603727506153,1251.625
2017-07-28,1267.55,1264.3899032793588,1272.3528
2017-07-31,1270.95,1265.0735483939666,1271.224
2017-08-01,1269.6,1272.025918286574,1271.5011
2017-08-02,1268.1,1281.5041387184535,1270.0334
2017-08-03,1257.7,1281.1264076427856,1272.666
2017-08-04,1258.0,1272.8663082320454,1272.8503
2017-08-07,1261.8,1263.3227730061603,1255.666
2017-08-08,1271.05,1263.886882337801,1256.09
2017-08-09,1284.4,1265.7538738518424,1270.9238
2017-08-10,1286.1,1281.8689419834452,1271.4645
2017-08-11,1282.3,1291.2890524139868,1290.989
2017-08-14,1270.3,1289.8328382358047,1291.2665
2017-08-15,1272.75,1290.0942854101586,1290.8356
2017-08-16,1285.15,1280.7504121861593,1272.0231
2017-08-17,1295.8,1281.8212586237498,1273.3337
2017-08-18,1292.9,1291.7367119107405,1290.3782
2017-08-21,1284.2,1300.0024235972364,1297.5701
2017-08-22,1286.65,1296.3113801019247,1291.0414
2017-08-23,1289.0,1290.102402577713,1291.6235
2017-08-24,1285.3,1290.0325690986915,1292.8813
2017-08-25,1285.3,1294.1362874844722,1294.0781
2017-08-28,1318.65,1290.6414356210587,1291.8108
2017-08-29,1308.5,1291.0124345376855,1294.025
2017-08-30,1311.75,1331.7011655098372,1319.7467
2017-08-31,1320.4,1310.2252177728315,1309.8533
2017-09-01,1333.1,1318.5030130273115,1309.242
2017-09-04,1335.55,1333.4362917100264,1319.8892
2017-09-05,1337.85,1339.267452786797,1339.8651
2017-09-06,1343.5,1341.287078053891,1342.5786
2017-09-07,1346.25,1341.9408774350654,1343.1104
2017-09-08,1334.2,1348.0620430054012,1341.827
2017-09-11,1326.5,1355.0642464824796,1342.8649
2017-09-12,1327.55,1341.2338499677412,1344.8615
2017-09-13,1324.55,1340.6122985885647,1332.3905
2017-09-14,1322.85,1340.577422887876,1332.636
2017-09-15,1312.1,1340.3076632308666,1333.4017
2017-09-18,1309.6,1335.553266259782,1322.9753
2017-09-19,1311.3,1318.9956032127595,1310.7444
2017-09-20,1292.1,1312.2629907124128,1310.7444
2017-09-21,1294.8,1312.6902466894828,1310.1427
2017-09-22,1293.3,1294.3021855557636,1293.9954
2017-09-25,1300.05,1293.7354448801814,1301.7324
2017-09-26,1282.55,1293.7185343250503,1294.0822
2017-09-27,1283.35,1297.2346834568616,1299.7637
2017-09-28,1283.1,1289.6179916697888,1293.2455
2017-09-29,1273.7,1289.8364011977608,1293.738
2017-10-02,1271.25,1289.1526932078348,1293.3082
2017-10-03,1274.25,1282.4268279619691,1272.3966
2017-10-04,1274.5,1280.9944694094102,1273.7877
2017-10-05,1261.8,1282.1253007253163,1292.0989
2017-10-06,1278.75,1281.6697234200647,1293.7509
2017-10-09,1291.4,1256.3028932581306,1275.097
2017-10-10,1289.25,1282.5170062344723,1291.8534
2017-10-11,1290.25,1295.3321278541716,1292.1466
2017-10-12,1299.6,1293.5913906642786,1293.8597
2017-10-13,1303.3,1293.8795283633847,1294.0441
2017-10-16,1284.75,1297.4602748813688,1300.143
2017-10-17,1280.2,1300.3130880022757,1308.7819
2017-10-18,1286.4,1289.4059443692545,1293.6711
2017-10-19,1281.2,1289.2921234928272,1293.903
2017-10-20,1274.9,1288.1830729079952,1293.0505
2017-10-23,1276.45,1287.862590137294,1292.6008
2017-10-24,1275.0,1283.0712798885152,1292.413
2017-10-25,1273.75,1282.9291898101903,1290.831
2017-10-26,1266.45,1283.1519986431056,1290.9388
2017-10-27,1272.0,1283.427940427016,1292.3137
2017-10-30,1270.15,1260.3450590846653,1264.886
2017-10-31,1277.05,1279.5302109190236,1263.8196
2017-11-01,1279.2,1279.7515938735694,1264.3099
2017-11-02,1267.2,1281.16702756904,1282.5586
2017-11-03,1270.9,1284.7738083758566,1284.2106
2017-11-06,1275.6,1262.3366141150516,1264.3099
2017-11-07,1284.0,1279.8983707009083,1263.2435
2017-11-08,1284.8,1279.5163887009644,1279.8094
2017-11-09,1284.3,1285.8986812564483,1279.8707
2017-11-10,1277.95,1285.177494703418,1281.7147
2017-11-13,1274.6,1284.8085711096508,1284.1171
2017-11-14,1282.2,1279.5844123856127,1283.7556
2017-11-15,1280.0,1278.3652170156236,1283.6615
2017-11-16,1284.35,1283.6602005051736,1282.6564
2017-11-17,1286.2,1283.6394159182325,1283.5457
2017-11-20,1283.3,1283.32931315988,1282.5951
2017-11-21,1286.95,1282.741242497903,1284.356
2017-11-22,1290.35,1283.3652216645696,1283.6615
2017-11-23,1290.5,1283.5545310947227,1282.9496
2017-11-24,1294.9,1288.8680043038046,1283.1339
2017-11-27,1291.85,1288.7180532635257,1284.0924
2017-11-28,1283.85,1289.4219196575484,1292.1292
2017-11-29,1280.2,1289.5424855395831,1283.3705
2017-11-30,1275.5,1284.2113388390617,1284.0099
2017-12-01,1273.45,1284.1343413192203,1283.1852
2017-12-04,1266.3,1276.8360032398166,1282.7517
2017-12-05,1263.7,1276.9367437111503,1264.2205
2017-12-06,1255.0,1257.4092272650958,1264.2205
2017-12-07,1250.65,1256.870358133533,1264.2817
2017-12-08,1247.15,1241.8785540882723,1247.8031
2017-12-11,1240.9,1240.9348487221112,1249.0884
2017-12-12,1242.65,1241.0387020881897,1248.7023
2017-12-13,1251.0,1241.0016092456156,1247.8035
2017-12-14,1254.6,1241.2292566045069,1249.8533
2017-12-15,1260.6,1242.4531235958484,1251.1267
2017-12-18,1260.35,1245.5466202020198,1249.5063
2017-12-19,1264.55,1263.275474368687,1266.1693
2017-12-20,1264.55,1263.1480140213953,1267.637
2017-12-21,1264.55,1263.4086433143245,1266.4148
2017-12-22,1264.55,1263.4132625423183,1268.0668
2017-12-25,1264.55,1263.008671707459,1267.637
2017-12-26,1279.4,1262.6072669212726,1272.3048
2017-12-27,1291.0,1262.2835819624813,1275.9082
2017-12-28,1291.0,1285.770174256299,1293.9398
2017-12-29,1291.0,1292.4145367358333,1294.4174
2018-01-01,1312.05,1294.4470451244022,1302.8241
2018-01-02,1314.9,1295.8762530790939,1302.8241
2018-01-03,1314.5,1317.8627781171035,1309.5477
2018-01-04,1317.15,1325.526516639692,1323.3951
2018-01-05,1319.95,1326.1216077673143,1322.7361
2018-01-08,1311.0,1327.3136776244585,1323.9401
2018-01-09,1319.75,1329.645832720058,1324.3271
2018-01-10,1323.05,1313.9039648227586,1313.251
2018-01-11,1326.8,1332.3913362436174,1323.2207
2018-01-12,1339.25,1335.156163029679,1331.8069
2018-01-15,1333.85,1336.1245877993535,1332.7365
2018-01-16,1335.65,1336.6662313856284,1344.5
2018-01-17,1332.2,1339.6641283594881,1346.1248
2018-01-18,1334.95,1339.4958030861503,1342.7272
2018-01-19,1332.6,1340.1457858998647,1331.608
2018-01-22,1333.4,1337.0381851436762,1341.9003
2018-01-23,1353.7,1338.0287573679798,1330.5968
2018-01-24,1354.95,1338.5422342778747,1343.0156
2018-01-25,1353.15,1359.9172119787888,1354.4933
2018-01-26,1343.85,1364.3976292455502,1357.3649
2018-01-29,1344.9,1359.5234622354765,1356.3536
2018-01-30,1345.05,1354.181148550897,1343.0156
2018-01-31,1341.35,1357.8598573559811,1343.0156
2018-02-01,1331.15,1356.4536007410682,1343.2611
2018-02-02,1333.6,1340.3160772057797,1343.4454
2018-02-05,1331.4,1334.2376361281079,1331.7122
2018-02-06,1324.65,1332.6896936018838,1342.1472
2018-02-07,1315.45,1334.7992516476575,1330.6556
2018-02-08,1314.1,1330.9771085407651,1330.9011
2018-02-09,1322.3,1324.0672460629648,1320.9083
2018-02-12,1325.35,1321.7969758158508,1321.6691
2018-02-13,1336.25,1328.299024635087,1319.234
2018-02-14,1352.45,1330.2400176975802,1327.8201
2018-02-15,1352.1,1336.0202069562379,1339.1848
2018-02-16,1346.6,1355.7783376309144,1352.7936
2018-02-19,1339.85,1357.7235049393012,1351.2316
2018-02-20,1330.5,1355.342750617234,1341.0342
2018-02-21,1328.35,1337.21640360681,1341.0342
2018-02-22,1327.95,1338.2002684988622,1329.792
2018-02-23,1333.5,1334.748697375541,1329.3331
2018-02-26,1325.75,1330.388489644383,1329.0875
2018-02-27,1317.85,1332.5234345016097,1340.2389
2018-02-28,1307.75,1331.428548461955,1328.6154
2018-03-01,1322.3,1326.4955651535968,1319.426
2018-03-02,1320.4,1302.153020920052,1308.3302
2018-03-05,1331.4,1329.6006654526032,1318.6559
2018-03-06,1329.4,1330.1363367257745,1319.3861
2018-03-07,1321.0,1337.2035048527862,1327.8201
2018-03-08,1320.6,1337.0937511030636,1328.0334
2018-03-09,1319.15,1331.6514853028916,1320.2749
2018-03-12,1322.75,1330.1581809718064,1319.3861
2018-03-13,1323.55,1329.5815739781056,1319.3861
2018-03-14,1318.75,1331.764864517427,1319.234
2018-03-15,1310.1,1331.6401578976581,1327.8121
2018-03-16,1312.4,1328.7354383290324,1320.2749
2018-03-19,1311.0,1309.4290220300531,1308.0846
2018-03-20,1321.35,1321.847379818099,1308.757
2018-03-21,1329.15,1308.2002441933068,1307.4414
2018-03-22,1346.6,1328.9469466852595,1319.2953
2018-03-23,1352.4,1335.661663021007,1328.0657
2018-03-26,1341.45,1359.606049134689,1339.21
2018-03-27,1332.45,1363.7282924781512,1352.4615
2018-03-28,1323.85,1345.590327020202,1339.9188
2018-03-29,1323.85,1340.0874172355427,1328.6766
2018-03-30,1323.85,1332.9208840083531,1329.9763
2018-04-02,1333.45,1331.1266404324842,1329.0875
2018-04-03,1337.3,1327.845223072067,1329.0875
2018-04-04,1327.7,1332.6897882638195,1339.1235
2018-04-05,1331.2,1334.6469480484793,1339.1848
2018-04-06,1331.95,1334.3203093267844,1329.1472
2018-04-09,1338.95,1335.033242593518,1328.0929
2018-04-10,1350.75,1334.9502126512377,1328.0371
2018-04-11,1341.35,1336.1738951100986,1339.4098
2018-04-12,1343.7,1355.2905881807121,1353.9244
2018-04-13,1349.35,1343.9363588963115,1341.5526
2018-04-16,1342.1,1346.6057992717042,1341.9794
2018-04-17,1351.45,1355.7997718789588,1353.8497
2018-04-18,1348.6,1342.7788094913453,1337.8213
2018-04-19,1336.75,1356.0278052240851,1351.893
2018-04-20,1324.3,1353.8324866641735,1350.7617
2018-04-23,1328.85,1333.3012772716863,1337.8213
2018-04-24,1321.65,1328.2135917277171,1328.3
2018-04-25,1320.7,1328.7719909888722,1326.2804
2018-04-26,1321.5,1328.3308933948001,1317.0833
2018-04-27,1313.2,1324.7461405157344,1315.509
2018-04-30,1307.1,1324.3925616779056,1316.8243
2018-05-01,1304.2,1323.5143134955326,1315.9066
2018-05-02,1315.05,1300.4583485542237,1305.5005
2018-05-03,1309.4,1295.676651359058,1304.9186
2018-05-04,1309.4,1323.6235611298425,1318.3632
2018-05-07,1306.6,1308.9101943854757,1305.7441
2018-05-08,1313.85,1309.0885438658563,1304.5262
2018-05-09,1318.8,1302.1722018259522,1306.4286
2018-05-10,1324.35,1322.8278699425575,1318.3975
2018-05-11,1319.85,1326.829017662893,1318.5818
2018-05-14,1295.0,1331.6697169601234,1326.9817
2018-05-15,1291.25,1329.3604856462982,1318.617
2018-05-16,1289.5,1292.2330605887166,1298.9207
2018-05-17,1288.3,1291.647808417277,1289.3224
2018-05-18,1288.35,1291.604034697941,1290.7383
2018-05-21,1293.05,1288.1972535502694,1291.3148
2018-05-22,1289.0,1290.283455549659,1291.3148
2018-05-23,1304.85,1291.7317514295344,1290.1908
2018-05-24,1303.5,1291.547056219822,1290.9296
2018-05-25,1303.5,1302.0282700043003,1307.5272
2018-05-28,1295.5,1298.4439838009212,1305.7566
2018-05-29,1300.7,1298.4769229520477,1305.7566
2018-05-30,1305.35,1293.7203390324955,1295.5719
2018-05-31,1294.6,1299.2536710442334,1297.7184
2018-06-01,1295.45,1300.4441948115846,1304.55
2018-06-04,1292.05,1292.734820642593,1296.0594
2018-06-05,1300.1,1292.8338139512277,1295.5706
2018-06-06,1297.25,1292.6175768129576,1287.5519
2018-06-07,1298.25,1296.411951027591,1296.2009
2018-06-08,1299.6,1294.3674356618292,1295.9559
2018-06-11,1298.65,1294.2744356203436,1293.6252
2018-06-12,1296.15,1295.1816793444132,1299.2184
2018-06-13,1302.75,1295.2678927247825,1299.196
2018-06-14,1285.25,1294.2317682528494,1295.7716
2018-06-15,1281.55,1297.3544979290143,1304.163
2018-06-18,1276.15,1290.9222765575928,1291.1464
2018-06-19,1274.2,1290.7555411194846,1290.8788
2018-06-20,1266.15,1282.3031081655922,1287.8041
2018-06-21,1269.15,1283.5817329193108,1287.5978
2018-06-22,1268.7,1261.439207767926,1267.6421
2018-06-25,1260.3,1275.215596794178,1268.0784
2018-06-26,1254.6,1270.0101498745119,1272.3424
2018-06-27,1251.55,1258.40150074925,1267.6398
2018-06-28,1250.45,1241.7878101866872,1257.576
2018-06-29,1247.8,1240.7909583829355,1256.3022
2018-07-02,1251.75,1241.3889593992808,1254.2914
2018-07-03,1255.65,1241.322607000291,1254.3799
2018-07-04,1255.5,1243.5929837575611,1255.5857
2018-07-05,1255.35,1255.7144535277214,1255.5839
2018-07-06,1262.05,1255.910624488011,1257.2358
2018-07-09,1254.0,1250.407255574286,1257.4727
2018-07-10,1251.4,1265.4883614260734,1272.181
2018-07-11,1245.9,1244.5538806516392,1256.3796
2018-07-12,1241.7,1244.0248729954064,1256.483
2018-07-13,1241.1,1241.4799674870267,1254.3113
2018-07-16,1232.8,1248.1525318414224,1252.3826
2018-07-17,1224.5,1248.7941914831692,1253.2363
2018-07-18,1217.55,1236.5003303873216,1245.1807
2018-07-19,1228.75,1229.994637398366,1239.6267
2018-07-20,1224.95,1223.3997526487408,1224.691
2018-07-23,1228.35,1232.9055283171695,1238.8811
2018-07-24,1231.5,1231.2733017451305,1239.3573
2018-07-25,1228.25,1232.0813686372662,1238.0465
2018-07-26,1223.95,1232.2771034770785,1238.4175
2018-07-27,1223.8,1232.6093320835419,1239.9988
2018-07-30,1220.95,1233.8605686775036,1238.7155
2018-07-31,1219.0,1233.580507781455,1238.3774
2018-08-01,1215.45,1228.989324588606,1222.7325
2018-08-02,1216.3,1223.70275704712,1223.8252
2018-08-03,1209.65,1215.9024831973588,1220.5238
2018-08-06,1212.35,1216.1573603112172,1220.8301
2018-08-07,1209.55,1208.1169213002283,1213.8657
2018-08-08,1214.35,1212.7102673944119,1214.3905
2018-08-09,1214.4,1207.3971564324568,1218.1783
2018-08-10,1200.35,1215.5042892732276,1223.8594
2018-08-13,1197.0,1215.5937348894167,1224.3158
2018-08-14,1182.0,1203.2499316010376,1210.0939
2018-08-15,1180.4,1203.855102276196,1209.4021
2018-08-16,1178.4,1184.7737331383894,1197.8297
2018-08-17,1184.35,1182.6069372412317,1197.3724
2018-08-20,1190.95,1180.4647290251423,1196.6049
2018-08-21,1196.65,1191.1256296515987,1193.0469
2018-08-22,1192.35,1204.6040410388225,1205.4634
2018-08-23,1197.7,1201.8833149843213,1206.2903
2018-08-24,1197.7,1203.3002796384174,1209.1964
2018-08-27,1212.25,1203.5627038679456,1207.5402
2018-08-28,1204.2,1203.0858133993866,1208.1464
2018-08-29,1197.3,1211.1975451603953,1212.3177
2018-08-30,1202.45,1199.490423210123,1207.5873
2018-08-31,1200.05,1200.69620764097,1208.784
2018-09-03,1190.85,1201.6659583569206,1207.8771
2018-09-04,1196.7,1203.555068460012,1209.207
2018-09-05,1205.15,1204.1506410374345,1208.9634
2018-09-06,1198.9,1202.0653410922412,1205.1764
2018-09-07,1196.6,1199.193369982101,1205.3607
2018-09-10,1189.85,1198.959459355922,1206.5881
2018-09-11,1195.6,1195.457108123127,1205.5757
2018-09-12,1209.8,1195.5865487561057,1205.332
2018-09-13,1201.95,1196.6147211822897,1204.164
2018-09-14,1201.9,1206.8295297126488,1211.154
2018-09-17,1200.2,1194.326146867022,1205.5757
2018-09-18,1203.3,1195.3659923180987,1206.4896
2018-09-19,1208.35,1195.6359336815965,1206.1083
2018-09-20,1198.7,1195.913251981352,1204.9402
2018-09-21,1202.75,1195.0878080149016,1210.913
2018-09-24,1201.9,1195.4181627990067,1207.0247
2018-09-25,1194.25,1196.324499140443,1205.1226
2018-09-26,1185.4,1192.8998917075983,1206.781
2018-09-27,1187.25,1192.9879343219284,1206.3523
2018-09-28,1189.35,1190.9828508033636,1194.6847
2018-10-01,1204.7,1196.790882742258,1205.2456
2018-10-02,1201.2,1196.7179956911148,1206.014
2018-10-03,1203.45,1197.681753678266,1205.2415
2018-10-04,1203.8,1193.2328512647077,1206.4001
2018-10-05,1186.95,1195.3593403991842,1207.0681
2018-10-08,1185.55,1196.2066629897884,1207.6383
2018-10-09,1188.6,1193.2143876637251,1207.3807
2018-10-10,1205.55,1196.2348537712287,1195.8535
2018-10-11,1219.75,1196.604948158786,1205.01
2018-10-12,1229.95,1197.9168728424347,1206.9813
2018-10-15,1230.7,1218.6101430860801,1216.0505
2018-10-16,1229.05,1227.0618765893826,1233.8584
2018-10-17,1223.0,1227.3917753940505,1233.888
2018-10-18,1227.85,1229.761656869519,1235.7728
2018-10-19,1222.3,1224.8859709831831,1236.7334
2018-10-22,1235.95,1233.1159846556222,1234.6084
2018-10-23,1230.55,1229.80432845141,1237.6804
2018-10-24,1230.8,1246.405439850427,1237.5005
2018-10-25,1233.85,1237.4663477661231,1239.2906
2018-10-26,1230.8,1237.7570805361313,1238.4221
2018-10-29,1225.4,1241.958715016234,1233.3735
2018-10-30,1214.95,1237.0820744643027,1234.7035
2018-10-31,1231.15,1237.522290120868,1234.9355
2018-11-01,1232.1,1215.35721201715,1220.1345
2018-11-02,1232.25,1237.5448596568874,1232.8298
2018-11-05,1231.6,1238.4373340935617,1233.5299
2018-11-06,1229.95,1238.8768905801307,1234.4071
2018-11-07,1224.15,1236.6878766100735,1233.1486
2018-11-08,1211.4,1236.2750997424966,1233.9755
2018-11-09,1205.55,1236.5474942403596,1233.6841
2018-11-12,1202.1,1208.1603704150025,1212.1373
2018-11-13,1203.25,1194.6534594516595,1206.372
2018-11-14,1211.85,1194.3357289141413,1206.1283
2018-11-15,1222.4,1194.9508271159395,1207.0929
2018-11-16,1221.6,1208.3774827464208,1211.598
2018-11-19,1223.0,1229.0833372897935,1230.0396
2018-11-20,1226.1,1226.992185774642,1229.3639
2018-11-21,1227.05,1225.0953284063155,1230.8785
2018-11-22,1223.65,1232.670228661616,1229.7357
2018-11-23,1223.4,1231.7842924679485,1228.4363
2018-11-26,1221.2,1231.843585860667,1227.4823
2018-11-27,1213.25,1225.122040769647,1227.62
2018-11-28,1226.25,1224.9436597902097,1227.0396
2018-11-29,1217.55,1213.394742911256,1207.3802
2018-11-30,1230.3,1234.148782911533,1227.6869
2018-12-03,1240.3,1220.1475651091962,1212.1669
2018-12-04,1235.9,1233.6601994352868,1228.1638
2018-12-05,1242.55,1242.4992331472852,1236.0713
2018-12-06,1243.3,1240.5282728124812,1232.0717
2018-12-07,1245.35,1246.7637184092462,1237.4813
2018-12-10,1245.3,1246.2358549683977,1240.9236
2018-12-11,1245.75,1244.922511887867,1241.1871
2018-12-12,1242.75,1244.1751426383662,1238.2993
2018-12-13,1235.35,1246.5461641508816,1244.9806
2018-12-14,1241.65,1247.3983386271,1244.0813
2018-12-17,1246.3,1242.6085066239314,1237.2633
2018-12-18,1255.0,1246.636998613886,1242.0704
2018-12-19,1259.75,1248.2614592453704,1243.8317
2018-12-20,1258.15,1246.7536696377556,1245.8446
2018-12-21,1258.15,1260.7392100968473,1244.8595
2018-12-24,1258.15,1261.8098247412308,1246.1008
2018-12-25,1258.15,1263.0054061584249,1249.481
2018-12-26,1268.0,1263.6280282002717,1254.1488
2018-12-27,1279.0,1263.1537432525804,1253.1891
2018-12-28,1279.0,1269.8795569860686,1268.2073
2018-12-31,1279.0,1280.5423556790429,1288.1252
2019-01-01,1282.9,1284.0059220755754,1303.0583
2019-01-02,1290.45,1284.5217123443344,1299.2098
2019-01-03,1279.9,1290.5376362606962,1293.1301
2019-01-04,1292.2,1293.937809707041,1291.7175
2019-01-07,1286.45,1288.3272300488527,1293.3898
2019-01-08,1288.6,1295.6777221279542,1292.4395
2019-01-09,1291.9,1288.4686971165074,1292.4127
2019-01-10,1288.95,1289.7612708552683,1295.1719
2019-01-11,1292.75,1294.5919287511917,1291.9062
2019-01-14,1294.4,1291.9690603302954,1295.2985
2019-01-15,1292.3,1294.2364150843036,1294.8445
2019-01-16,1290.7,1294.1233555645751,1303.9227
2019-01-17,1284.2,1294.776829090436,1296.6731
2019-01-18,1279.55,1294.1664086156898,1291.7053
2019-01-21,1282.1,1290.104788438992,1291.6879
2019-01-22,1279.8,1288.4349823527175,1291.6567
2019-01-23,1283.7,1289.705942344115,1291.8256
2019-01-24,1293.9,1289.5553298975337,1291.5302
2019-01-25,1302.15,1290.3435395385868,1290.5563
2019-01-28,1307.55,1294.621184378122,1290.9896
2019-01-29,1310.7,1299.6430450452324,1307.1508
2019-01-30,1323.25,1306.1663859681985,1307.3386
2019-01-31,1318.7,1312.8382213856407,1307.3999
2019-02-01,1312.15,1333.6506994280023,1328.2014
2019-02-04,1314.2,1330.8052933334025,1320.751
2019-02-05,1312.4,1324.7136069098387,1308.8063
2019-02-06,1310.0,1327.1266679755086,1320.751
2019-02-07,1314.85,1325.1154972764166,1308.14
2019-02-08,1306.4,1309.0051019599273,1308.8094
2019-02-11,1310.0,1325.6747821703423,1319.0409
2019-02-12,1312.8,1299.0258636918638,1308.5638
2019-02-13,1311.45,1308.7375664992687,1307.0962
2019-02-14,1316.55,1320.3720834714713,1320.5698
2019-02-15,1325.5,1309.7778106678861,1308.1831
2019-02-18,1334.15,1324.890585780539,1319.1157
2019-02-19,1343.75,1330.8792133196662,1328.7563
2019-02-20,1331.25,1336.0453759892885,1338.3256
2019-02-21,1329.05,1345.1037347015524,1337.3805
2019-02-22,1331.05,1337.1219626803752,1330.4465
2019-02-25,1325.05,1332.5602497825096,1329.0334
2019-02-26,1322.85,1334.4215366328117,1329.5092
2019-02-27,1319.15,1331.3608118919278,1329.5092
2019-02-28,1311.95,1329.0815366740903,1321.1686
2019-03-01,1285.4,1328.4614792141886,1320.8772
2019-03-04,1283.8,1313.4290946595074,1308.5027
2019-03-05,1285.85,1286.087756406788,1291.9243
2019-03-06,1285.3,1286.6633611596747,1292.5233
2019-03-07,1296.75,1287.0078337599905,1293.7776
2019-03-08,1292.75,1287.3020258595575,1293.531
2019-03-11,1297.05,1293.9756698167032,1300.0608
2019-03-12,1306.95,1290.4744289911475,1293.5321
2019-03-13,1295.55,1294.952978417416,1298.9014
2019-03-14,1303.5,1304.0341888111889,1307.2805
2019-03-15,1305.6,1293.382867913337,1301.2273
2019-03-18,1307.7,1298.4975827956762,1306.5226
2019-03-19,1303.7,1298.6519277285215,1307.9902
2019-03-20,1309.6,1304.125429060523,1307.9902
2019-03-21,1311.3,1297.4517822559383,1307.8755
2019-03-22,1319.55,1309.7715701004472,1306.1326
2019-03-25,1316.3,1311.8190995636314,1307.1704
2019-03-26,1309.7,1327.676344452423,1317.6475
2019-03-27,1295.15,1327.2372270975557,1320.4474
2019-03-28,1295.4,1308.3811107052672,1308.7482
2019-03-29,1293.5,1293.1924179125617,1301.751
2019-04-01,1290.3,1291.2563909319847,1300.3379
2019-04-02,1290.45,1290.448196702603,1292.3416
2019-04-03,1283.15,1291.0557701361142,1292.9542
2019-04-04,1288.45,1291.2624193549507,1293.3365
2019-04-05,1300.0,1289.2710398282275,1293.531
2019-04-08,1303.0,1288.672280795594,1290.2268
2019-04-09,1305.45,1296.0048760955783,1298.2231
2019-04-10,1298.8,1297.613938054453,1306.388
2019-04-11,1294.3,1298.2314976892621,1307.9169
2019-04-12,1285.65,1295.0241175381636,1297.9585
2019-04-15,1276.35,1291.6204720030787,1298.6517
2019-04-16,1275.85,1287.0148473985817,1291.2986
2019-04-17,1275.7,1280.4658872961836,1290.8677
2019-04-18,1275.7,1281.0607620117455,1289.7366
2019-04-19,1275.7,1280.9488400441296,1289.8707
2019-04-22,1269.5,1279.6739546280107,1289.2645
2019-04-23,1271.65,1278.729631245984,1289.1523
2019-04-24,1280.8,1276.0051860348804,1269.3231
2019-04-25,1284.2,1278.6392793576756,1272.1863
2019-04-26,1279.5,1289.6195266111172,1289.9296
2019-04-29,1282.3,1288.7717582758341,1289.4998
2019-04-30,1283.8,1287.2395417522264,1290.6191
2019-05-01,1270.95,1288.6987253498787,1290.9674
2019-05-02,1278.55,1289.4704829464486,1290.5233
2019-05-03,1278.55,1279.6488426423077,1269.5687
2019-05-06,1281.2,1280.6249650690409,1288.9944
2019-05-07,1285.2,1280.9637931501338,1289.2114
2019-05-08,1286.1,1287.9677095574605,1290.462
2019-05-09,1287.1,1288.963086229399,1289.2828
2019-05-10,1295.6,1288.0573592272347,1289.6912
2019-05-13,1298.4,1287.9874634603557,1286.7577
2019-05-14,1299.1,1295.4655162756599,1293.5499
2019-05-15,1291.7,1296.7080243570394,1297.7054
2019-05-16,1280.8,1296.556169739435,1297.691
2019-05-17,1276.85,1293.9962284586975,1289.6685
2019-05-20,1271.15,1289.2097969810018,1288.992
2019-05-21,1273.8,1281.2953290731568,1288.4972
2019-05-22,1283.65,1279.4891295740447,1266.6353
2019-05-23,1282.5,1280.6456109988694,1287.1649
2019-05-24,1282.5,1289.6162580310452,1285.8816
2019-05-27,1278.3,1288.6771113096468,1285.8486
2019-05-28,1281.65,1288.0751036911045,1286.8401
2019-05-29,1280.95,1279.7480961943118,1285.8486
2019-05-30,1295.55,1288.901518678894,1285.6973
2019-05-31,1317.1,1289.2482127972755,1286.948
2019-06-03,1324.25,1297.4566269814738,1293.5608
2019-06-04,1335.05,1327.0420415261826,1316.6892
2019-06-05,1335.5,1332.45219536193,1322.8457
2019-06-06,1340.65,1333.5533941378067,1335.8212
2019-06-07,1328.6,1336.397215513653,1336.7583
2019-06-10,1324.3,1338.2605152077094,1334.8608
2019-06-11,1332.35,1333.9510900217842,1328.6729
2019-06-12,1335.9,1334.4424056714122,1327.2378
2019-06-13,1351.25,1339.2007760701104,1326.8694
2019-06-14,1341.3,1339.6383607683986,1336.5138
2019-06-17,1341.35,1358.9542545438628,1349.6245
2019-06-18,1344.05,1343.6266464375904,1338.023
2019-06-19,1379.5,1343.4529903540906,1338.6652
2019-06-20,1397.15,1354.7222957013166,1338.6893
2019-06-21,1405.7,1387.0477779668258,1363.541
2019-06-24,1431.4,1394.7514299884144,1386.2305
2019-06-25,1403.95,1399.5182454888864,1386.5311
2019-06-26,1402.5,1406.6249889269225,1400.4542
2019-06-27,1409.0,1396.9695170177047,1378.0382
2019-06-28,1390.1,1395.8116822864633,1394.0511
2019-07-01,1391.05,1404.4353068892915,1390.7126
2019-07-02,1413.5,1383.7701903807997,1380.4435
2019-07-03,1414.9,1383.2462455651992,1378.8219
2019-07-04,1388.65,1400.9142569461792,1388.2921
2019-07-05,1400.1,1398.197413376554,1393.1964
2019-07-08,1391.55,1370.6664038201384,1375.2129
2019-07-09,1408.3,1384.3224721597849,1389.2667
2019-07-10,1413.75,1375.3754583194586,1381.5668
2019-07-11,1407.6,1396.1610865627435,1391.8274
2019-07-12,1412.4,1399.242842893218,1387.8735
2019-07-15,1409.85,1395.8995882242757,1393.8136
2019-07-16,1410.35,1398.7203815698192,1396.7965
2019-07-17,1417.45,1398.2342477938728,1393.546
2019-07-18,1439.7,1398.3376190302754,1398.5096
2019-07-19,1427.75,1401.8422946584665,1391.9856
2019-07-22,1425.55,1413.7495805523106,1411.3923
2019-07-23,1426.95,1406.106061935511,1414.3706
2019-07-24,1416.1,1405.2502066827165,1415.0985
2019-07-25,1420.4,1405.7609762568923,1414.7661
2019-07-26,1419.05,1401.9204858349376,1394.7397
2019-07-29,1425.9,1402.3957361081525,1413.053
2019-07-30,1427.55,1401.6004805346818,1414.032
2019-07-31,1406.8,1407.8533135099174,1411.9865
2019-08-01,1441.75,1409.49992060768,1425.6027
2019-08-02,1465.25,1399.7666946105362,1405.8975
2019-08-05,1465.25,1422.490305716036,1422.2971
2019-08-06,1506.05,1467.880999414291,1427.7814
2019-08-07,1495.75,1467.3195676862968,1428.792
2019-08-08,1497.7,1497.7690659267214,1436.2843
2019-08-09,1504.7,1497.7824114380319,1447.4314
2019-08-12,1498.4,1501.8872483580562,1427.7362
2019-08-13,1513.25,1501.4863800986607,1430.0776
2019-08-14,1515.65,1503.9057179960573,1430.5453
2019-08-15,1515.25,1507.8466727157654,1468.1069
2019-08-16,1496.6,1511.415332111109,1461.0524
2019-08-19,1504.55,1509.250989093016,1460.925
2019-08-20,1503.25,1504.7856403757605,1426.3427
2019-08-21,1502.05,1503.5782727788967,1424.8324
2019-08-22,1503.8,1505.0011758819214,1424.3893
2019-08-23,1503.8,1504.7393063348018,1424.5736
2019-08-26,1532.95,1503.4963146944972,1424.8324
2019-08-27,1537.15,1504.4287033336361,1425.0537
2019-08-28,1540.2,1518.7122975874217,1458.7836
2019-08-29,1528.4,1519.1713032033338,1460.868
2019-08-30,1525.95,1520.432880910757,1525.6653
2019-09-02,1537.85,1515.0273339330201,1527.9523
2019-09-03,1546.1,1516.93072368216,1523.8176
2019-09-04,1529.1,1518.1971282740965,1524.425
2019-09-05,1523.7,1525.6486231580923,1547.0952
2019-09-06,1509.2,1513.9526573561247,1531.2057
2019-09-09,1498.25,1513.734294461258,1528.6575
2019-09-10,1490.65,1501.0076369833196,1498.6003
2019-09-11,1515.2,1499.9728077951463,1497.4329
2019-09-12,1503.1,1500.8038874966949,1496.0994
2019-09-13,1497.2,1502.5760814389862,1528.379
2019-09-16,1502.1,1499.9501070479769,1488.2961
2019-09-17,1503.5,1501.412457013983,1488.2961
2019-09-18,1500.7,1502.6254958336199,1493.7911
2019-09-19,1501.9,1502.1362857477498,1494.3096
2019-09-20,1522.1,1503.926336433176,1493.8729
2019-09-23,1520.65,1502.7030160833858,1493.7776
2019-09-24,1528.75,1515.7389881017684,1530.17
2019-09-25,1506.4,1516.7070126181015,1529.0415
2019-09-26,1489.9,1524.5582783809334,1530.1674
2019-09-27,1485.3,1503.4530166904183,1494.1382
2019-09-30,1473.45,1504.0765468755112,1493.6414
2019-10-01,1492.6,1506.0667226094995,1490.5758
2019-10-02,1517.1,1483.932241646017,1492.9492
2019-10-03,1499.15,1505.3251333280696,1493.5614
2019-10-04,1501.25,1516.0237347578898,1529.5275
2019-10-07,1505.85,1505.9064713989037,1497.1685
2019-10-08,1507.25,1506.8686438549203,1496.7772
2019-10-09,1494.8,1505.7241054488818,1496.2347
2019-10-10,1479.15,1505.4388344802674,1498.6777
2019-10-11,1490.6,1505.3428018358286,1500.8828
2019-10-14,1487.8,1498.376822481848,1500.3467
2019-10-15,1485.1,1506.1804653606205,1498.0654
2019-10-16,1492.65,1506.583432566209,1497.9335
2019-10-17,1490.0,1506.2156165939866,1500.1372
2019-10-18,1491.65,1504.8062550431598,1498.4291
2019-10-21,1485.35,1507.1433813847514,1496.9951
2019-10-22,1494.45,1504.3918344559859,1496.7733
2019-10-23,1496.55,1505.4414404125296,1497.8202
2019-10-24,1513.45,1502.5198311614859,1491.7494
2019-10-25,1492.4,1502.3515189347015,1496.4916
2019-10-28,1486.75,1507.7599386720312,1527.2576
2019-10-29,1492.1,1504.2821356166305,1489.4457
2019-10-30,1510.95,1504.2975171595158,1488.1533
2019-10-31,1508.8,1500.708517534141,1487.8809
2019-11-01,1509.45,1508.563410197034,1524.8674
2019-11-04,1488.95,1505.8936382390082,1487.8857
2019-11-05,1486.05,1508.7547995395132,1487.6644
2019-11-06,1484.25,1505.6521215057414,1489.4457
2019-11-07,1464.15,1505.3267444799897,1487.947
2019-11-08,1458.7,1505.1512138613025,1488.1313
2019-11-11,1452.05,1471.4704179939745,1460.1783
2019-11-12,1462.9,1472.386056927957,1460.1783
2019-11-13,1466.65,1469.9599624564569,1465.5763
2019-11-14,1466.9,1471.4256249363382,1463.2239
2019-11-15,1467.65,1470.84379785982,1495.8146
2019-11-18,1468.45,1468.304604743908,1497.0737
2019-11-19,1471.7,1468.5494230610077,1496.8524
2019-11-20,1467.05,1469.7641189935475,1497.4016
2019-11-21,1464.45,1473.5605235099874,1497.0979
2019-11-22,1458.4,1468.7314611999525,1497.5035
2019-11-25,1454.65,1467.0245184490757,1460.3756
2019-11-26,1454.35,1467.32010773479,1459.4438
2019-11-27,1454.65,1466.8732848181235,1461.1464
2019-11-28,1460.15,1464.8435709347843,1461.3918
2019-11-29,1461.15,1465.2462580532217,1461.5762
2019-12-02,1477.3,1465.720478194192,1460.2351
2019-12-03,1475.1,1466.0530989970005,1449.1827
2019-12-04,1475.95,1492.8998674134295,1489.4481
2019-12-05,1459.65,1491.4723146736849,1491.3826
2019-12-06,1461.7,1492.237994351646,1491.3456
2019-12-09,1464.95,1466.8019589252663,1457.6465
2019-12-10,1466.8,1467.203799699076,1457.1895
2019-12-11,1467.8,1469.8271661347235,1457.1895
2019-12-12,1466.6,1472.4339940525163,1490.3905
2019-12-13,1477.9,1469.7420916563017,1426.5492
2019-12-16,1475.8,1469.9407769536429,1420.107
2019-12-17,1474.05,1493.736508418258,1418.6816
2019-12-18,1476.7,1494.622350481627,1484.9144
2019-12-19,1479.0,1485.377946795036,1484.9757
2019-12-20,1482.1,1496.7058985967067,1485.2023
2019-12-23,1482.1,1497.5278094462735,1484.9567
2019-12-24,1482.1,1505.3285548987376,1488.4127
2019-12-25,1482.1,1505.9992942878212,1488.3705
2019-12-26,1511.5,1505.5817213711548,1490.5854
2019-12-27,1514.75,1505.5817213711548,1481.1519
2019-12-30,1514.75,1512.56648097348,1515.9559
2019-12-31,1514.75,1511.9006614033442,1523.351
2020-01-01,1527.1,1494.0146230848407,1543.8923
2020-01-02,1548.75,1495.0822500689676,1542.0406
2020-01-03,1573.1,1505.6904890071125,1535.7268
2020-01-06,1567.85,1517.9084093545348,1554.7961
2020-01-07,1571.95,1540.6779704548926,1552.634
2020-01-08,1550.75,1535.8307589025558,1518.9791
2020-01-09,1553.6,1545.1721100333698,1568.3097
2020-01-10,1549.9,1523.8349842618784,1569.0037
2020-01-13,1545.1,1530.441238365414,1530.3718
2020-01-14,1549.0,1528.3893178831186,1530.5931
2020-01-15,1554.55,1519.4458804368844,1527.8671
2020-01-16,1557.6,1526.5410762029237,1525.6586
2020-01-17,1560.15,1531.344411362556,1562.5509
2020-01-20,1551.3,1529.5292775692658,1559.1001
2020-01-21,1556.9,1529.7994399971158,1525.0284
2020-01-22,1562.9,1525.7294274159465,1563.0981
2020-01-23,1564.3,1530.3219504137824,1524.1277
2020-01-24,1580.1,1530.4777837471158,1524.312
2020-01-27,1574.0,1530.491758740872,1523.7886
2020-01-28,1573.45,1555.736347867023,1536.7771
2020-01-29,1578.25,1550.091810935205,1524.6531
2020-01-30,1584.2,1560.3109325172586,1523.3871
2020-01-31,1574.75,1577.6330977409236,1537.5392
2020-02-03,1558.35,1585.9150588180407,1537.0157
2020-02-04,1553.3,1571.2048633433765,1520.6295
2020-02-05,1563.3,1549.6511330285525,1524.6317
2020-02-06,1572.65,1551.75275906571,1523.1187
2020-02-07,1573.2,1552.770510395977,1519.413
2020-02-10,1570.5,1569.527904220901,1520.5562
2020-02-11,1563.7,1555.805550297741,1520.548
2020-02-12,1575.05,1548.8867679925468,1518.4281
2020-02-13,1581.4,1529.8894865413595,1519.5322
2020-02-14,1580.8,1552.7938815838165,1516.7402
2020-02-17,1589.85,1570.5861979167885,1529.3031
2020-02-18,1604.2,1570.5039040405265,1528.1505
2020-02-19,1619.0,1585.6353913067321,1529.3031
2020-02-20,1643.3,1602.789363223582,1593.6542
2020-02-21,1671.65,1618.111760232823,1612.4415
2020-02-24,1650.3,1654.0370584554332,1627.9569
2020-02-25,1634.9,1665.608809204685,1641.9696
2020-02-26,1652.0,1682.433254553454,1650.9553
2020-02-27,1609.85,1653.751290896195,1638.2688
2020-02-28,1599.65,1674.0571514076207,1661.2885
2020-03-02,1615.5,1605.6311780684605,1634.2628
2020-03-03,1641.85,1599.0947795988745,1625.1213
2020-03-04,1659.6,1623.558096170986,1609.8389
2020-03-05,1683.65,1666.555074335387,1630.6038
2020-03-06,1672.5,1676.5959906239598,1652.3357
2020-03-09,1655.7,1713.5730449342323,1654.9042
2020-03-10,1653.75,1687.0217658754646,1650.6024
2020-03-11,1570.7,1683.1953455353878,1643.6018
2020-03-12,1562.8,1670.4006233101045,1641.1921
