Date,actual,rf_pred,xgb_pred
2016-05-05,1289.0,1286.444,1283.3556
2016-05-06,1265.25,1287.2214999999999,1282.411
2016-05-09,1262.8,1290.8,1276.3723
2016-05-10,1276.85,1250.0324999999998,1264.851
2016-05-11,1279.25,1248.6854999999998,1265.1891
2016-05-12,1265.9,1279.1624999999997,1305.4323
2016-05-13,1285.75,1286.1629999999998,1292.8881
2016-05-16,1277.0,1253.5084999999997,1259.3558
2016-05-17,1272.9,1288.26,1282.9714
2016-05-18,1246.25,1280.8129999999999,1280.302
2016-05-19,1254.2,1280.7379999999998,1272.9247
2016-05-20,1245.9,1237.9050000000002,1258.8634
2016-05-23,1236.85,1242.6125000000002,1254.471
2016-05-24,1220.6,1236.7820000000006,1249.462
2016-05-25,1223.85,1238.0300000000002,1249.9011
2016-05-26,1216.25,1228.4930000000002,1250.1093
2016-05-27,1216.25,1230.468,1248.6584
2016-05-30,1212.1,1218.1775,1226.4781
2016-05-31,1214.5,1216.7355000000002,1228.2686
2016-06-01,1212.4,1213.407,1217.6438
2016-06-02,1240.5,1217.1785,1244.2479
2016-06-03,1244.0,1212.5935,1221.8219
2016-06-06,1241.0,1234.153,1235.2357
2016-06-07,1263.0,1237.1240000000003,1243.342
2016-06-08,1263.9,1240.297,1250.04
2016-06-09,1275.5,1253.9744999999998,1270.7732
2016-06-10,1280.8,1253.6074999999996,1273.4106
2016-06-13,1287.15,1282.8255,1287.7288
2016-06-14,1283.3,1289.0675,1285.5245
2016-06-15,1310.75,1288.0,1293.0566
2016-06-16,1290.7,1288.76,1295.4875
2016-06-17,1281.8,1313.1425,1309.2606
2016-06-20,1272.6,1292.8225,1290.6152
2016-06-21,1264.85,1288.2675,1291.841
2016-06-22,1262.15,1277.8564999999999,1269.0602
2016-06-23,1315.5,1254.109,1270.2186
2016-06-24,1324.55,1253.0874999999996,1270.7622
2016-06-27,1309.7,1323.59,1307.668
2016-06-28,1321.5,1329.85,1318.4648
2016-06-29,1320.75,1312.4425,1313.972
2016-06-30,1340.0,1334.495,1324.0204
2016-07-01,1350.75,1334.265,1318.8359
2016-07-04,1350.75,1338.0055,1316.196
2016-07-05,1366.25,1351.39,1318.0841
2016-07-06,1356.7,1351.8925,1331.1211
2016-07-07,1354.25,1359.475,1343.4706
2016-07-08,1357.1,1356.0875,1356.1941
2016-07-11,1342.4,1353.795,1347.7495
2016-07-12,1342.75,1355.385,1348.5378
2016-07-13,1323.6,1341.8775,1324.3658
2016-07-14,1327.0,1346.8325,1318.6271
2016-07-15,1334.7,1331.1675,1314.3657
2016-07-18,1330.9,1335.9975,1310.2776
2016-07-19,1315.9,1338.29,1328.5254
2016-07-20,1321.15,1338.9075,1315.1997
2016-07-21,1320.75,1332.39,1320.6134
2016-07-22,1313.15,1334.6925,1314.5833
2016-07-25,1323.0,1336.42,1312.0884
2016-07-26,1329.0,1329.9725,1312.3472
2016-07-27,1341.75,1336.775,1317.1118
2016-07-28,1342.0,1340.2375,1321.431
2016-07-29,1349.65,1344.085,1337.6993
2016-08-01,1363.75,1345.5265,1328.2552
2016-08-02,1358.9,1355.6325,1333.9053
2016-08-03,1362.75,1361.1225,1340.9191
2016-08-04,1340.4,1361.7175,1343.0917
2016-08-05,1336.8,1361.71,1342.585
2016-08-08,1341.0,1337.089,1337.5021
2016-08-09,1347.7,1338.2375,1334.1403
2016-08-10,1355.0,1335.88,1331.9939
2016-08-11,1352.2,1353.8175,1340.9336
2016-08-12,1339.4,1357.505,1346.3085
2016-08-15,1344.0,1352.66,1345.7563
2016-08-16,1343.35,1330.45,1341.9987
2016-08-17,1350.05,1346.4315,1333.7227
2016-08-18,1346.4,1341.68,1336.6727
2016-08-19,1335.9,1351.1925,1347.4718
2016-08-22,1342.0,1350.625,1340.3351
2016-08-23,1327.25,1333.65,1334.0692
2016-08-24,1321.3,1344.225,1341.1763
2016-08-25,1318.75,1337.0775,1328.6028
2016-08-26,1318.75,1333.02,1323.7616
2016-08-29,1318.15,1326.865,1319.3811
2016-08-30,1309.25,1328.085,1312.232
2016-08-31,1309.5,1330.54,1316.7384
2016-09-01,1324.7,1306.925,1313.1544
2016-09-02,1326.35,1309.185,1312.5413
2016-09-05,1337.25,1337.205,1320.0833
2016-09-06,1348.35,1340.9375,1316.4004
2016-09-07,1343.4,1340.55,1333.19
2016-09-08,1330.85,1355.16,1338.4845
2016-09-09,1324.6,1346.875,1333.2892
2016-09-12,1323.65,1340.6,1324.4252
2016-09-13,1321.75,1337.5225,1323.4834
2016-09-14,1310.8,1334.76,1319.7253
2016-09-15,1308.35,1334.625,1323.0652
2016-09-16,1314.85,1307.045,1312.5476
2016-09-19,1313.8,1304.565,1310.3541
2016-09-20,1326.1,1329.6025,1299.4695
2016-09-21,1339.1,1326.34,1315.9144
2016-09-22,1338.65,1338.4875,1308.3043
2016-09-23,1340.5,1342.4475,1340.7496
2016-09-26,1327.0,1340.62,1331.9565
2016-09-27,1322.5,1339.81,1329.5403
2016-09-28,1318.1,1338.9725,1325.4633
2016-09-29,1322.5,1336.285,1317.949
2016-09-30,1313.3,1331.03,1316.4413
2016-10-03,1283.3,1333.6825,1306.9161
2016-10-04,1269.4,1325.6925,1314.0105
2016-10-05,1254.5,1291.7975,1293.295
2016-10-06,1258.75,1285.1689999999999,1278.3263
2016-10-07,1259.5,1243.365,1266.4908
2016-10-10,1253.45,1259.9585,1257.3553
2016-10-11,1256.5,1262.3529999999998,1263.549
2016-10-12,1261.05,1243.618,1267.108
2016-10-13,1251.75,1259.9064999999996,1263.0962
2016-10-14,1254.8,1259.0194999999999,1276.5267
2016-10-17,1258.2,1242.246,1247.7247
2016-10-18,1269.05,1243.1505000000002,1251.0835
2016-10-19,1271.65,1258.1694999999997,1255.1357
2016-10-20,1266.05,1277.7219999999998,1263.137
2016-10-21,1265.55,1281.6665,1266.7927
2016-10-24,1269.4,1258.4434999999999,1260.0428
2016-10-25,1270.5,1258.3664999999999,1259.0112
2016-10-26,1266.25,1281.5504999999998,1267.4182
2016-10-27,1273.0,1283.0315,1263.5745
2016-10-28,1272.0,1258.0974999999996,1260.9803
2016-10-31,1288.45,1283.0439999999999,1261.1844
2016-11-01,1303.75,1280.8964999999998,1263.3536
2016-11-02,1301.0,1288.25,1286.585
2016-11-03,1302.8,1302.3925,1300.5405
2016-11-04,1283.05,1299.4675,1299.3767
2016-11-07,1282.35,1299.945,1295.9487
2016-11-08,1281.4,1287.42,1283.3346
2016-11-09,1267.5,1289.49,1282.7386
2016-11-10,1236.45,1289.51,1285.083
2016-11-11,1213.6,1271.5014999999999,1267.8671
2016-11-14,1226.95,1237.6019999999999,1246.9452
2016-11-15,1229.2,1218.9395000000002,1233.6998
2016-11-16,1226.75,1235.4695000000002,1252.0012
2016-11-17,1211.0,1232.0655000000002,1240.9092
2016-11-18,1214.25,1228.9225000000001,1235.064
2016-11-21,1212.25,1211.4075000000003,1203.045
2016-11-22,1185.35,1213.652,1211.4442
2016-11-23,1186.1,1210.5000000000002,1200.8091
2016-11-24,1187.7,1191.6395000000002,1192.8003
2016-11-25,1187.0,1200.6075,1211.5302
2016-11-28,1186.55,1202.664,1209.26
2016-11-29,1178.1,1202.3754999999999,1209.8002
2016-11-30,1161.85,1202.1535000000001,1209.6184
2016-12-01,1173.5,1182.0875000000003,1181.039
2016-12-02,1162.2,1170.6039999999998,1170.5852
2016-12-05,1172.5,1184.493,1181.9352
2016-12-06,1177.65,1168.3124999999998,1185.0319
2016-12-07,1171.05,1182.984,1194.6399
2016-12-08,1163.6,1185.2830000000001,1195.5104
2016-12-09,1156.1,1179.4734999999998,1186.4401
2016-12-12,1158.55,1169.301,1171.5137
2016-12-13,1162.25,1166.015,1167.218
2016-12-14,1126.95,1167.1145000000001,1169.169
2016-12-15,1131.6,1171.7785,1159.6099
2016-12-16,1136.25,1140.58,1130.8121
2016-12-19,1125.7,1139.7365000000002,1132.0746
2016-12-20,1133.65,1140.6765000000005,1127.3087
2016-12-21,1131.35,1137.6170000000002,1136.0686
2016-12-22,1131.35,1139.5315,1131.4393
2016-12-23,1131.35,1138.0344999999998,1135.1227
2016-12-26,1131.35,1138.4815,1139.9794
2016-12-27,1134.6,1139.345,1133.5151
2016-12-28,1145.9,1139.5075000000002,1138.2496
2016-12-29,1145.9,1140.583,1138.1455
2016-12-30,1145.9,1155.1385,1149.0111
2017-01-02,1151.0,1153.3325000000004,1158.8129
2017-01-03,1164.25,1153.4005000000004,1149.4078
2017-01-04,1176.7,1167.492,1141.9255
2017-01-05,1175.85,1179.6594999999995,1170.8807
2017-01-06,1178.5,1191.6029999999998,1185.7455
2017-01-09,1189.5,1192.534,1173.4109
2017-01-10,1178.55,1192.9055,1180.2029
2017-01-11,1205.05,1206.0690000000002,1202.2345
2017-01-12,1190.35,1191.2855,1188.8583
2017-01-13,1203.0,1208.672,1203.2617
2017-01-16,1216.05,1204.8574999999998,1196.218
2017-01-17,1214.75,1209.997,1202.5278
2017-01-18,1196.05,1218.5260000000003,1220.3271
2017-01-19,1200.55,1219.8590000000004,1216.9553
2017-01-20,1212.85,1210.3850000000002,1211.0695
2017-01-23,1216.8,1209.8785000000003,1201.3757
2017-01-24,1195.0,1219.9270000000004,1207.3805
2017-01-25,1189.7,1220.4005000000004,1225.4955
2017-01-26,1184.85,1209.1960000000001,1213.8956
2017-01-27,1192.8,1204.572,1215.8503
2017-01-30,1212.8,1204.0195,1198.5707
2017-01-31,1203.65,1209.7630000000001,1203.8182
2017-02-01,1221.95,1217.4275000000002,1212.6896
2017-02-02,1215.2,1208.326,1214.1768
2017-02-03,1226.75,1227.9625000000003,1241.7854
2017-02-06,1231.0,1219.4515000000001,1230.6583
2017-02-07,1242.1,1231.4425,1227.8505
2017-02-08,1236.8,1229.7074999999998,1227.9796
2017-02-09,1228.3,1232.5759999999996,1233.7117
2017-02-10,1222.25,1231.4745,1247.7096
2017-02-13,1230.75,1234.7815,1251.9376
2017-02-14,1224.4,1234.4160000000002,1242.4589
2017-02-15,1240.55,1236.0264999999997,1233.9747
2017-02-16,1241.95,1238.5729999999999,1249.5286
2017-02-17,1237.3,1250.9094999999998,1252.11
2017-02-20,1233.2,1246.6534999999997,1237.084
2017-02-21,1236.65,1244.0304999999998,1247.8165
2017-02-22,1247.9,1241.35,1246.0399
2017-02-23,1253.65,1247.5194999999999,1241.648
2017-02-24,1257.2,1246.7735,1247.4951
2017-02-27,1255.6,1245.1809999999998,1250.5548
2017-02-28,1240.4,1259.7554999999995,1255.7316
2017-03-01,1238.1,1255.9569999999997,1248.0505
2017-03-02,1226.5,1248.6785,1248.3861
2017-03-03,1230.95,1250.3909999999998,1249.0265
2017-03-06,1216.65,1239.481,1253.149
2017-03-07,1209.2,1237.414,1245.9777
2017-03-08,1206.55,1216.6245,1229.6348
2017-03-09,1202.65,1199.6335,1214.5061
2017-03-10,1204.2,1196.7935,1213.6216
2017-03-13,1204.6,1198.9885000000002,1213.3257
2017-03-14,1198.8,1199.8334999999997,1210.4418
2017-03-15,1229.35,1200.5774999999999,1211.3188
2017-03-16,1229.6,1199.2209999999998,1214.0289
2017-03-17,1232.4,1233.4815,1242.9814
2017-03-20,1241.6,1233.2685000000001,1242.3268
2017-03-21,1249.05,1235.499,1238.9672
2017-03-22,1247.5,1236.6825,1244.3401
2017-03-23,1247.5,1240.3449999999998,1244.613
2017-03-24,1257.55,1242.5214999999996,1241.4883
2017-03-27,1257.25,1242.4414999999995,1238.3007
2017-03-28,1251.1,1256.8914999999997,1257.0516
2017-03-29,1248.8,1261.6949999999997,1261.1531
2017-03-30,1244.85,1248.8239999999998,1266.3142
2017-03-31,1247.25,1250.3584999999998,1258.9564
2017-04-03,1257.65,1249.9509999999998,1256.9694
2017-04-04,1245.8,1250.593,1256.8971
2017-04-05,1252.5,1265.4264999999994,1268.2365
2017-04-06,1266.45,1251.882,1267.2391
2017-04-07,1250.05,1255.6844999999996,1275.9277
2017-04-10,1252.9,1265.1709999999996,1279.4475
2017-04-11,1274.3,1250.85,1261.418
2017-04-12,1284.15,1250.8225,1264.2758
2017-04-13,1284.15,1282.467,1304.0585
2017-04-14,1284.15,1290.06,1286.7404
2017-04-17,1278.95,1289.215,1284.4532
2017-04-18,1279.05,1289.54,1282.3535
2017-04-19,1282.1,1283.915,1280.3774
2017-04-20,1281.85,1283.94,1287.3893
2017-04-21,1269.4,1288.6425,1282.3567
2017-04-24,1267.8,1288.545,1278.6793
2017-04-25,1261.85,1276.5775,1259.5239
2017-04-26,1262.8,1264.1159999999998,1258.919
2017-04-27,1266.45,1258.743,1263.7399
2017-04-28,1266.45,1258.1294999999998,1265.9668
2017-05-01,1255.45,1260.4089999999997,1265.255
2017-05-02,1250.3,1260.4214999999997,1264.2399
2017-05-03,1228.45,1248.8930000000003,1256.9609
2017-05-04,1228.05,1245.8494999999998,1256.699
2017-05-05,1229.8,1235.5475000000001,1269.73
2017-05-08,1220.4,1235.4355000000003,1257.4631
2017-05-09,1222.95,1234.9144999999999,1249.0428
2017-05-10,1223.15,1225.4855,1230.9512
2017-05-11,1231.25,1228.5980000000002,1260.6086
2017-05-12,1233.3,1226.8270000000002,1257.779
2017-05-15,1234.2,1227.5500000000002,1245.1322
2017-05-16,1257.4,1232.3315,1242.9225
2017-05-17,1255.9,1235.1895000000002,1248.6931
2017-05-18,1252.0,1258.0629999999996,1258.096
2017-05-19,1258.85,1256.1314999999997,1253.5095
2017-05-22,1260.2,1243.799,1255.4196
2017-05-23,1252.55,1258.7095,1254.6869
2017-05-24,1256.95,1261.8255,1261.173
2017-05-25,1265.05,1250.8755000000003,1266.9436
2017-05-26,1265.05,1264.6289999999997,1257.167
2017-05-29,1262.7,1266.5325,1266.225
2017-05-30,1266.2,1267.1789999999999,1265.9086
2017-05-31,1264.85,1264.7625,1266.7179
2017-06-01,1274.95,1266.479,1268.5226
2017-06-02,1279.95,1264.9039999999998,1265.8379
2017-06-05,1293.5,1284.1905,1284.1229
2017-06-06,1291.0,1291.05,1286.0021
2017-06-07,1273.1,1295.0975,1292.1632
2017-06-08,1266.55,1295.5575,1293.1838
2017-06-09,1266.4,1283.2254999999998,1273.1321
2017-06-12,1262.0,1265.1354999999999,1266.5787
2017-06-13,1275.5,1265.1805,1267.2437
2017-06-14,1254.55,1262.2844999999998,1269.8655
2017-06-15,1255.4,1283.2504999999999,1296.185
2017-06-16,1248.15,1243.8655,1262.3932
2017-06-19,1242.2,1247.0085000000001,1258.5048
2017-06-20,1242.5,1241.0440000000003,1248.6808
2017-06-21,1250.8,1242.7160000000001,1250.366
2017-06-22,1255.7,1245.1414999999997,1255.1556
2017-06-23,1245.25,1248.3859999999997,1258.0409
2017-06-26,1249.55,1259.2744999999998,1252.9476
2017-06-27,1248.0,1248.4914999999999,1240.1553
2017-06-28,1243.5,1248.6619999999998,1246.9835
2017-06-29,1242.25,1246.831,1245.1917
2017-06-30,1229.25,1251.5229999999997,1245.4746
2017-07-03,1223.75,1253.187,1242.0717
2017-07-04,1220.3,1238.9294999999997,1247.2238
2017-07-05,1224.9,1237.1245,1241.4326
2017-07-06,1215.65,1228.162,1226.226
2017-07-07,1211.9,1239.3155000000002,1241.2574
2017-07-10,1211.05,1221.7914999999998,1226.2866
2017-07-11,1218.8,1213.9315000000001,1210.7017
2017-07-12,1218.9,1213.7035,1210.2433
2017-07-13,1230.3,1228.525,1229.0398
2017-07-14,1234.1,1228.85,1230.0231
2017-07-17,1240.75,1238.804,1242.5831
2017-07-18,1242.15,1241.2835,1231.8729
2017-07-19,1238.7,1245.1765000000003,1236.8718
2017-07-20,1248.55,1248.0785,1242.3563
2017-07-21,1255.55,1250.0659999999996,1242.8514
2017-07-24,1254.4,1248.264,1242.8757
2017-07-25,1248.1,1254.5264999999997,1249.3893
2017-07-26,1261.1,1249.2994999999999,1261.1882
2017-07-27,1264.9,1251.5189999999998,1249.1108
2017-07-28,1267.55,1265.7904999999998,1277.1887
2017-07-31,1270.95,1265.1395,1274.9517
2017-08-01,1269.6,1271.6595000000002,1271.6274
2017-08-02,1268.1,1282.6364999999998,1275.476
2017-08-03,1257.7,1282.3239999999998,1268.6158
2017-08-04,1258.0,1273.6435000000001,1268.6492
2017-08-07,1261.8,1263.9225,1263.7969
2017-08-08,1271.05,1263.2565,1261.6399
2017-08-09,1284.4,1265.215,1274.7721
2017-08-10,1286.1,1281.7614999999998,1268.6656
2017-08-11,1282.3,1291.95,1290.901
2017-08-14,1270.3,1290.8075,1294.1328
2017-08-15,1272.75,1291.2525,1292.3849
2017-08-16,1285.15,1283.39,1274.4551
2017-08-17,1295.8,1283.7939999999999,1274.5652
2017-08-18,1292.9,1291.94,1293.609
2017-08-21,1284.2,1296.965,1298.0824
2017-08-22,1286.65,1293.945,1293.5851
2017-08-23,1289.0,1291.285,1296.627
2017-08-24,1285.3,1291.86,1294.06
2017-08-25,1285.3,1295.36,1297.8483
2017-08-28,1318.65,1291.94,1302.103
2017-08-29,1308.5,1293.355,1301.2418
2017-08-30,1311.75,1330.835,1320.2667
2017-08-31,1320.4,1309.6375,1312.0101
2017-09-01,1333.1,1318.065,1319.7845
2017-09-04,1335.55,1334.9875,1328.2628
2017-09-05,1337.85,1340.4665,1346.9102
2017-09-06,1343.5,1341.0315,1348.3169
2017-09-07,1346.25,1342.58,1339.4877
2017-09-08,1334.2,1346.7525,1331.6772
2017-09-11,1326.5,1353.5325,1339.8188
2017-09-12,1327.55,1341.9675,1341.7197
2017-09-13,1324.55,1339.25,1325.5254
2017-09-14,1322.85,1341.2125,1323.1057
2017-09-15,1312.1,1340.03,1326.5067
2017-09-18,1309.6,1334.75,1327.6036
2017-09-19,1311.3,1317.4825,1318.2598
2017-09-20,1292.1,1311.7175,1320.9523
2017-09-21,1294.8,1312.9,1312.1405
2017-09-22,1293.3,1295.5675,1296.4065
2017-09-25,1300.05,1294.0875,1300.7306
2017-09-26,1282.55,1294.88,1286.1243
2017-09-27,1283.35,1298.075,1294.9083
2017-09-28,1283.1,1292.265,1295.037
2017-09-29,1273.7,1291.325,1296.3286
2017-10-02,1271.25,1292.1075,1290.0751
2017-10-03,1274.25,1284.3725,1270.1221
2017-10-04,1274.5,1283.585,1266.9778
2017-10-05,1261.8,1284.1475,1294.0358
2017-10-06,1278.75,1284.3,1294.2676
2017-10-09,1291.4,1257.452,1280.1705
2017-10-10,1289.25,1284.135,1294.2958
2017-10-11,1290.25,1295.26,1299.3953
2017-10-12,1299.6,1294.9325,1292.2369
2017-10-13,1303.3,1294.9625,1295.5585
2017-10-16,1284.75,1296.375,1300.2546
2017-10-17,1280.2,1300.835,1317.382
2017-10-18,1286.4,1291.8275,1292.8954
2017-10-19,1281.2,1290.75,1293.6748
2017-10-20,1274.9,1290.6375,1294.4692
2017-10-23,1276.45,1289.6125,1296.3
2017-10-24,1275.0,1284.2925,1290.3584
2017-10-25,1273.75,1284.9525,1296.801
2017-10-26,1266.45,1285.2125,1288.1061
2017-10-27,1272.0,1284.6025,1270.8931
2017-10-30,1270.15,1261.156,1259.2012
2017-10-31,1277.05,1280.545,1246.9299
2017-11-01,1279.2,1281.61,1244.1099
2017-11-02,1267.2,1281.2325,1260.8303
2017-11-03,1270.9,1285.2125,1266.4418
2017-11-06,1275.6,1262.1235,1238.1335
2017-11-07,1284.0,1280.965,1237.0674
2017-11-08,1284.8,1279.7425,1254.4066
2017-11-09,1284.3,1286.82,1255.744
2017-11-10,1277.95,1285.46,1259.86
2017-11-13,1274.6,1284.84,1262.3147
2017-11-14,1282.2,1280.775,1260.7255
2017-11-15,1280.0,1278.8375,1261.3455
2017-11-16,1284.35,1285.56,1259.2498
2017-11-17,1286.2,1281.7125,1259.5786
2017-11-20,1283.3,1272.41,1256.9747
2017-11-21,1286.95,1272.3075,1253.2844
2017-11-22,1290.35,1271.5875,1248.6299
2017-11-23,1290.5,1272.325,1255.7188
2017-11-24,1294.9,1279.6625,1260.4945
2017-11-27,1291.85,1279.515,1258.4882
2017-11-28,1283.85,1278.8475,1271.3802
2017-11-29,1280.2,1279.1325,1265.0308
2017-11-30,1275.5,1274.615,1250.7925
2017-12-01,1273.45,1274.0125,1267.8895
2017-12-04,1266.3,1266.395,1262.3176
2017-12-05,1263.7,1265.9725,1223.9602
2017-12-06,1255.0,1254.1544999999999,1224.5203
2017-12-07,1250.65,1252.2659999999998,1224.3546
2017-12-08,1247.15,1242.5639999999999,1210.7324
2017-12-11,1240.9,1242.9779999999998,1214.662
2017-12-12,1242.65,1241.9189999999999,1211.2539
2017-12-13,1251.0,1242.78,1222.62
2017-12-14,1254.6,1240.5989999999997,1248.4515
2017-12-15,1260.6,1242.9995,1253.895
2017-12-18,1260.35,1241.7769999999998,1249.4114
2017-12-19,1264.55,1255.6689999999999,1263.8074
2017-12-20,1264.55,1255.4085,1264.2455
2017-12-21,1264.55,1256.116,1266.5135
2017-12-22,1264.55,1255.4059999999997,1264.484
2017-12-25,1264.55,1255.3475,1268.1238
2017-12-26,1279.4,1254.261,1283.1586
2017-12-27,1291.0,1254.7905,1286.6963
2017-12-28,1291.0,1274.635,1307.267
2017-12-29,1291.0,1285.5975,1304.7743
2018-01-01,1312.05,1294.86,1294.3263
2018-01-02,1314.9,1298.36,1294.887
2018-01-03,1314.5,1318.7165,1312.3114
2018-01-04,1317.15,1328.6889999999999,1337.452
2018-01-05,1319.95,1329.6975,1339.0101
2018-01-08,1311.0,1332.4,1326.2727
2018-01-09,1319.75,1335.16,1319.841
2018-01-10,1323.05,1317.4725,1318.6417
2018-01-11,1326.8,1337.6775,1333.5648
2018-01-12,1339.25,1338.705,1332.7261
2018-01-15,1333.85,1340.2475,1327.983
2018-01-16,1335.65,1342.6975,1341.8435
2018-01-17,1332.2,1343.865,1338.9171
2018-01-18,1334.95,1345.4075,1342.1936
2018-01-19,1332.6,1343.0175,1328.029
2018-01-22,1333.4,1341.6865,1337.3628
2018-01-23,1353.7,1342.3925,1320.3735
2018-01-24,1354.95,1342.7475,1329.7361
2018-01-25,1353.15,1355.91,1347.8612
2018-01-26,1343.85,1363.8,1349.7317
2018-01-29,1344.9,1358.48,1335.2639
2018-01-30,1345.05,1353.555,1333.5499
2018-01-31,1341.35,1360.24,1339.877
2018-02-01,1331.15,1356.55,1335.4689
2018-02-02,1333.6,1339.26,1341.6542
2018-02-05,1331.4,1331.0839999999998,1323.9841
2018-02-06,1324.65,1332.42,1329.2388
2018-02-07,1315.45,1333.49,1324.4768
2018-02-08,1314.1,1331.31,1326.1329
2018-02-09,1322.3,1324.9125,1323.8925
2018-02-12,1325.35,1323.79,1326.1466
2018-02-13,1336.25,1329.87,1294.6417
2018-02-14,1352.45,1333.5925,1302.1248
2018-02-15,1352.1,1335.945,1318.0153
2018-02-16,1346.6,1348.3225,1319.5405
2018-02-19,1339.85,1349.5275,1316.0585
2018-02-20,1330.5,1348.8425,1323.8491
2018-02-21,1328.35,1336.9075,1320.8177
2018-02-22,1327.95,1337.4425,1307.9797
2018-02-23,1333.5,1335.77,1307.8774
2018-02-26,1325.75,1332.1975,1293.0643
2018-02-27,1317.85,1332.9775,1307.972
2018-02-28,1307.75,1332.525,1295.898
2018-03-01,1322.3,1328.21,1309.5128
2018-03-02,1320.4,1300.2025,1288.9395
2018-03-05,1331.4,1331.14,1306.4172
2018-03-06,1329.4,1332.51,1296.826
2018-03-07,1321.0,1336.625,1298.2264
2018-03-08,1320.6,1337.5125,1302.2646
2018-03-09,1319.15,1334.2925,1295.3627
2018-03-12,1322.75,1332.1175,1292.9126
2018-03-13,1323.55,1331.52,1295.3391
2018-03-14,1318.75,1333.1075,1293.4552
2018-03-15,1310.1,1333.6525,1294.9979
2018-03-16,1312.4,1330.3075,1295.9316
2018-03-19,1311.0,1308.3075,1287.8544
2018-03-20,1321.35,1324.7,1285.9735
2018-03-21,1329.15,1308.7325,1287.8325
2018-03-22,1346.6,1332.445,1291.6764
2018-03-23,1352.4,1337.62,1293.9436
2018-03-26,1341.45,1354.24,1310.9403
2018-03-27,1332.45,1356.155,1320.1261
2018-03-28,1323.85,1342.3475,1314.2267
2018-03-29,1323.85,1340.2075,1299.7059
2018-03-30,1323.85,1334.2775,1298.0283
2018-04-02,1333.45,1332.02,1298.0839
2018-04-03,1337.3,1329.21,1297.3329
2018-04-04,1327.7,1332.0725,1311.6362
2018-04-05,1331.2,1335.25,1316.8209
2018-04-06,1331.95,1335.165,1298.9617
2018-04-09,1338.95,1336.1889999999999,1294.2477
2018-04-10,1350.75,1335.9625,1295.0552
2018-04-11,1341.35,1335.765,1310.5907
2018-04-12,1343.7,1346.8275,1314.1738
2018-04-13,1349.35,1340.495,1313.0665
2018-04-16,1342.1,1341.1589999999999,1313.3976
2018-04-17,1351.45,1346.22,1317.9369
2018-04-18,1348.6,1339.62,1317.0045
2018-04-19,1336.75,1348.4575,1321.7305
2018-04-20,1324.3,1346.545,1325.5056
2018-04-23,1328.85,1333.5315,1324.1688
2018-04-24,1321.65,1332.745,1309.6445
2018-04-25,1320.7,1332.5225,1301.192
2018-04-26,1321.5,1333.63,1300.6333
2018-04-27,1313.2,1328.9975,1302.8455
2018-04-30,1307.1,1328.555,1299.5763
2018-05-01,1304.2,1327.205,1297.7811
2018-05-02,1315.05,1296.6275,1294.5939
2018-05-03,1309.4,1292.8275,1299.9984
2018-05-04,1309.4,1328.67,1305.2671
2018-05-07,1306.6,1308.82,1300.8387
2018-05-08,1313.85,1310.8025,1292.1569
2018-05-09,1318.8,1300.2025,1296.7378
2018-05-10,1324.35,1328.1225,1306.9182
2018-05-11,1319.85,1333.5775,1305.8665
2018-05-14,1295.0,1338.5,1305.4982
2018-05-15,1291.25,1334.535,1303.7601
2018-05-16,1289.5,1291.62,1303.7982
2018-05-17,1288.3,1291.385,1292.734
2018-05-18,1288.35,1293.6,1292.9758
2018-05-21,1293.05,1290.6775,1289.2156
2018-05-22,1289.0,1292.5075,1287.1045
2018-05-23,1304.85,1292.08,1287.7687
2018-05-24,1303.5,1292.015,1294.5493
2018-05-25,1303.5,1298.775,1313.0098
2018-05-28,1295.5,1297.5175,1306.0315
2018-05-29,1300.7,1297.295,1308.2465
2018-05-30,1305.35,1291.1325,1298.3187
2018-05-31,1294.6,1299.325,1300.3523
2018-06-01,1295.45,1296.88,1298.6465
2018-06-04,1292.05,1291.2625,1282.6862
2018-06-05,1300.1,1292.185,1276.1836
2018-06-06,1297.25,1291.825,1273.1003
2018-06-07,1298.25,1294.85,1278.3356
2018-06-08,1299.6,1292.32,1276.9441
2018-06-11,1298.65,1293.22,1275.285
2018-06-12,1296.15,1293.19,1273.0339
2018-06-13,1302.75,1293.235,1276.4531
2018-06-14,1285.25,1291.07,1279.8595
2018-06-15,1281.55,1293.9575,1292.3506
2018-06-18,1276.15,1293.285,1280.4242
2018-06-19,1274.2,1293.86,1274.4194
2018-06-20,1266.15,1288.2939999999999,1279.9348
2018-06-21,1269.15,1287.3764999999999,1278.8738
2018-06-22,1268.7,1260.6345,1254.3511
2018-06-25,1260.3,1277.4965,1244.6412
2018-06-26,1254.6,1271.894,1248.2825
2018-06-27,1251.55,1258.4744999999998,1247.7932
2018-06-28,1250.45,1244.7864999999997,1241.7618
2018-06-29,1247.8,1241.5344999999998,1252.1425
2018-07-02,1251.75,1240.7399999999998,1249.3031
2018-07-03,1255.65,1239.8815,1247.0807
2018-07-04,1255.5,1241.3010000000002,1260.1755
2018-07-05,1255.35,1252.819,1258.0574
2018-07-06,1262.05,1252.7119999999998,1261.4155
2018-07-09,1254.0,1247.2775,1257.7355
2018-07-10,1251.4,1262.7409999999998,1267.4312
2018-07-11,1245.9,1242.8425,1261.4867
2018-07-12,1241.7,1242.441,1259.7479
2018-07-13,1241.1,1240.5720000000001,1253.3291
2018-07-16,1232.8,1247.5910000000001,1250.8337
2018-07-17,1224.5,1248.142,1251.842
2018-07-18,1217.55,1237.9,1242.0157
2018-07-19,1228.75,1231.6940000000002,1239.3048
2018-07-20,1224.95,1223.252,1223.6075
2018-07-23,1228.35,1232.1335000000001,1234.4049
2018-07-24,1231.5,1230.6065,1236.4227
2018-07-25,1228.25,1229.134,1231.1526
2018-07-26,1223.95,1229.582,1231.0968
2018-07-27,1223.8,1231.2800000000002,1238.6991
2018-07-30,1220.95,1233.1855000000005,1243.7242
2018-07-31,1219.0,1235.195,1239.4788
2018-08-01,1215.45,1228.8190000000002,1227.8035
2018-08-02,1216.3,1223.1175,1231.1144
2018-08-03,1209.65,1214.9479999999999,1228.5796
2018-08-06,1212.35,1214.0310000000002,1225.6255
2018-08-07,1209.55,1207.1135000000002,1210.174
2018-08-08,1214.35,1210.8125,1214.7725
2018-08-09,1214.4,1206.6095000000003,1211.5691
2018-08-10,1200.35,1214.9595000000002,1227.1201
2018-08-13,1197.0,1214.5525000000002,1224.3782
2018-08-14,1182.0,1202.0775,1211.5603
2018-08-15,1180.4,1203.0775,1211.782
2018-08-16,1178.4,1182.8015,1196.0721
2018-08-17,1184.35,1181.7134999999998,1189.5991
2018-08-20,1190.95,1181.187,1190.6826
2018-08-21,1196.65,1188.3245,1184.5286
2018-08-22,1192.35,1201.86,1198.7339
2018-08-23,1197.7,1201.305,1198.178
2018-08-24,1197.7,1200.8839999999998,1199.8514
2018-08-27,1212.25,1202.7495,1195.7045
2018-08-28,1204.2,1203.1609999999998,1195.871
2018-08-29,1197.3,1209.564,1208.802
2018-08-30,1202.45,1199.358,1206.1572
2018-08-31,1200.05,1200.772,1206.6443
2018-09-03,1190.85,1203.3480000000002,1204.396
2018-09-04,1196.7,1203.789,1209.3788
2018-09-05,1205.15,1200.9345,1212.5298
2018-09-06,1198.9,1200.7535,1206.0455
2018-09-07,1196.6,1197.6095,1207.8386
2018-09-10,1189.85,1197.2125,1203.9976
2018-09-11,1195.6,1195.16,1198.2627
2018-09-12,1209.8,1193.8734999999997,1202.8827
2018-09-13,1201.95,1195.525,1199.7009
2018-09-14,1201.9,1205.5905000000002,1201.2666
2018-09-17,1200.2,1193.0944999999997,1199.3855
2018-09-18,1203.3,1193.5714999999998,1197.7633
2018-09-19,1208.35,1199.7424999999996,1204.949
2018-09-20,1198.7,1198.1449999999998,1202.038
2018-09-21,1202.75,1197.0514999999998,1203.2877
2018-09-24,1201.9,1199.6264999999996,1207.6243
2018-09-25,1194.25,1199.8854999999999,1204.8348
2018-09-26,1185.4,1196.4979999999998,1201.7327
2018-09-27,1187.25,1195.5499999999997,1202.2721
2018-09-28,1189.35,1193.8954999999999,1192.3885
2018-10-01,1204.7,1198.3504999999998,1207.7115
2018-10-02,1201.2,1199.416,1211.8853
2018-10-03,1203.45,1199.7164999999998,1207.5355
2018-10-04,1203.8,1196.654,1207.5516
2018-10-05,1186.95,1197.668,1209.9108
2018-10-08,1185.55,1198.7645,1203.9822
2018-10-09,1188.6,1197.9025000000001,1209.352
2018-10-10,1205.55,1200.009,1194.03
2018-10-11,1219.75,1199.8235,1209.6407
2018-10-12,1229.95,1200.3010000000002,1206.7202
2018-10-15,1230.7,1216.0690000000002,1215.7462
2018-10-16,1229.05,1222.2625,1226.9272
2018-10-17,1223.0,1222.1235,1239.4011
2018-10-18,1227.85,1223.4035000000001,1234.6072
2018-10-19,1222.3,1218.4844999999998,1235.4448
2018-10-22,1235.95,1231.5915,1228.4592
2018-10-23,1230.55,1232.719,1237.5848
2018-10-24,1230.8,1248.7305,1243.6307
2018-10-25,1233.85,1241.537,1245.4482
2018-10-26,1230.8,1242.1689999999999,1241.7225
2018-10-29,1225.4,1245.757,1232.4454
2018-10-30,1214.95,1239.945,1234.2305
2018-10-31,1231.15,1240.3090000000002,1238.134
2018-11-01,1232.1,1218.621,1219.8235
2018-11-02,1232.25,1241.7380000000003,1233.9592
2018-11-05,1231.6,1242.7215,1227.7307
2018-11-06,1229.95,1242.983,1228.8895
2018-11-07,1224.15,1240.219,1232.4304
2018-11-08,1211.4,1239.2585000000001,1234.8094
2018-11-09,1205.55,1239.4854999999998,1235.9744
2018-11-12,1202.1,1210.67,1202.7003
2018-11-13,1203.25,1193.1185000000003,1203.7017
2018-11-14,1211.85,1191.4295000000004,1207.7552
2018-11-15,1222.4,1191.6875000000005,1206.8865
2018-11-16,1221.6,1211.1005000000002,1207.825
2018-11-19,1223.0,1234.5745,1233.9469
2018-11-20,1226.1,1232.1525,1231.2714
2018-11-21,1227.05,1222.9105,1217.0598
2018-11-22,1223.65,1230.84,1219.4142
2018-11-23,1223.4,1231.497,1221.7163
2018-11-26,1221.2,1229.3985,1216.5907
2018-11-27,1213.25,1220.3455000000001,1218.8514
2018-11-28,1226.25,1221.0545,1220.2817
2018-11-29,1217.55,1216.8825,1186.5397
2018-11-30,1230.3,1231.711,1223.1692
2018-12-03,1240.3,1217.0695,1202.1632
2018-12-04,1235.9,1230.6805,1216.4205
2018-12-05,1242.55,1244.3999999999999,1217.411
2018-12-06,1243.3,1239.4184999999998,1218.0713
2018-12-07,1245.35,1245.5244999999998,1219.4039
2018-12-10,1245.3,1242.0359999999998,1220.9766
2018-12-11,1245.75,1243.0239999999997,1222.8593
2018-12-12,1242.75,1242.5865,1217.0874
2018-12-13,1235.35,1247.0175,1220.9954
2018-12-14,1241.65,1246.721,1220.9788
2018-12-17,1246.3,1240.4395,1225.9785
2018-12-18,1255.0,1242.6549999999997,1224.02
2018-12-19,1259.75,1246.9394999999995,1242.3655
2018-12-20,1258.15,1244.5399999999997,1249.9893
2018-12-21,1258.15,1257.3274999999996,1252.4962
2018-12-24,1258.15,1256.523,1250.7025
2018-12-25,1258.15,1255.942,1254.1272
2018-12-26,1268.0,1257.754,1264.1481
2018-12-27,1279.0,1257.6119999999999,1259.5732
2018-12-28,1279.0,1263.3435,1270.4636
2018-12-31,1279.0,1270.645,1284.961
2019-01-01,1282.9,1286.2375,1287.299
2019-01-02,1290.45,1285.845,1287.4343
2019-01-03,1279.9,1292.145,1289.7842
2019-01-04,1292.2,1295.7175,1292.2345
2019-01-07,1286.45,1289.615,1289.436
2019-01-08,1288.6,1293.9425,1291.2854
2019-01-09,1291.9,1291.725,1293.417
2019-01-10,1288.95,1292.255,1298.1826
2019-01-11,1292.75,1294.5525,1295.4277
2019-01-14,1294.4,1293.505,1295.1749
2019-01-15,1292.3,1293.8175,1284.8419
2019-01-16,1290.7,1293.8675,1297.5594
2019-01-17,1284.2,1294.81,1290.8499
2019-01-18,1279.55,1295.36,1286.2242
2019-01-21,1282.1,1292.9525,1285.8463
2019-01-22,1279.8,1290.525,1281.0488
2019-01-23,1283.7,1292.1675,1283.6812
2019-01-24,1293.9,1290.9125,1287.0853
2019-01-25,1302.15,1292.5125,1283.4908
2019-01-28,1307.55,1294.56,1272.1046
2019-01-29,1310.7,1300.08,1291.1729
2019-01-30,1323.25,1306.7475,1301.6449
2019-01-31,1318.7,1313.0275,1308.8435
2019-02-01,1312.15,1333.7175,1326.7062
2019-02-04,1314.2,1330.965,1310.6663
2019-02-05,1312.4,1325.265,1307.0526
2019-02-06,1310.0,1327.03,1307.5679
2019-02-07,1314.85,1325.4875,1311.2974
2019-02-08,1306.4,1307.7725,1314.3486
2019-02-11,1310.0,1327.295,1316.4824
2019-02-12,1312.8,1298.66,1323.7231
2019-02-13,1311.45,1309.1575,1314.5736
2019-02-14,1316.55,1323.185,1307.9985
2019-02-15,1325.5,1310.0575,1312.0839
2019-02-18,1334.15,1327.5075,1307.7018
2019-02-19,1343.75,1330.9575,1313.449
2019-02-20,1331.25,1335.0175,1333.201
2019-02-21,1329.05,1341.595,1330.7728
2019-02-22,1331.05,1338.03,1331.1453
2019-02-25,1325.05,1332.269,1314.5588
2019-02-26,1322.85,1335.0175,1310.4412
2019-02-27,1319.15,1329.97,1311.6953
2019-02-28,1311.95,1329.125,1310.6185
2019-03-01,1285.4,1329.2775,1310.8685
2019-03-04,1283.8,1314.435,1301.7435
2019-03-05,1285.85,1289.95,1288.0083
2019-03-06,1285.3,1290.325,1280.6091
2019-03-07,1296.75,1289.7225,1283.1951
2019-03-08,1292.75,1288.44,1285.7179
2019-03-11,1297.05,1293.235,1289.1997
2019-03-12,1306.95,1290.275,1288.5222
2019-03-13,1295.55,1295.715,1290.7771
2019-03-14,1303.5,1304.8625,1302.1104
2019-03-15,1305.6,1293.3225,1293.0444
2019-03-18,1307.7,1300.175,1300.2358
2019-03-19,1303.7,1299.8175,1300.5724
2019-03-20,1309.6,1306.805,1302.3805
2019-03-21,1311.3,1298.8075,1311.7222
2019-03-22,1319.55,1310.5175,1302.361
2019-03-25,1316.3,1313.6575,1299.5216
2019-03-26,1309.7,1331.7975,1308.0471
2019-03-27,1295.15,1328.78,1314.1321
2019-03-28,1295.4,1308.8375,1307.8152
2019-03-29,1293.5,1292.865,1291.7356
2019-04-01,1290.3,1291.185,1289.8663
2019-04-02,1290.45,1290.8075,1287.2072
2019-04-03,1283.15,1291.8475,1286.7727
2019-04-04,1288.45,1292.9025,1290.2848
2019-04-05,1300.0,1291.12,1291.2224
2019-04-08,1303.0,1291.2275,1285.8091
2019-04-09,1305.45,1296.005,1290.5154
2019-04-10,1298.8,1297.945,1305.7728
2019-04-11,1294.3,1298.0475,1306.7869
2019-04-12,1285.65,1293.965,1292.1311
2019-04-15,1276.35,1290.025,1290.7872
2019-04-16,1275.85,1289.8775,1280.8253
2019-04-17,1275.7,1283.5125,1280.7119
2019-04-18,1275.7,1283.4025,1288.1957
2019-04-19,1275.7,1283.7025,1289.5752
2019-04-22,1269.5,1282.17,1283.972
2019-04-23,1271.65,1281.58,1285.4363
2019-04-24,1280.8,1277.609,1264.3019
2019-04-25,1284.2,1279.35,1270.6625
2019-04-26,1279.5,1291.37,1288.7177
2019-04-29,1282.3,1291.0675,1291.3802
2019-04-30,1283.8,1289.7,1290.6566
2019-05-01,1270.95,1291.4925,1299.3872
2019-05-02,1278.55,1291.41,1289.5164
2019-05-03,1278.55,1280.7975,1271.5406
2019-05-06,1281.2,1282.0525,1289.3999
2019-05-07,1285.2,1283.0975,1289.652
2019-05-08,1286.1,1288.825,1295.3202
2019-05-09,1287.1,1290.6625,1291.7283
2019-05-10,1295.6,1289.6325,1290.7473
2019-05-13,1298.4,1288.235,1282.9686
2019-05-14,1299.1,1290.3875,1286.172
2019-05-15,1291.7,1293.7275,1298.9171
2019-05-16,1280.8,1293.985,1298.2261
2019-05-17,1276.85,1292.78,1288.967
2019-05-20,1271.15,1290.23,1292.8093
2019-05-21,1273.8,1283.565,1295.1927
2019-05-22,1283.65,1279.9925,1264.848
2019-05-23,1282.5,1279.0375,1284.7864
2019-05-24,1282.5,1287.0875,1282.5079
2019-05-27,1278.3,1287.015,1284.239
2019-05-28,1281.65,1287.04,1280.0585
2019-05-29,1280.95,1280.2075,1275.6837
2019-05-30,1295.55,1286.525,1281.8706
2019-05-31,1317.1,1286.1,1279.8392
2019-06-03,1324.25,1290.355,1280.1263
2019-06-04,1335.05,1325.415,1306.564
2019-06-05,1335.5,1332.145,1314.3768
2019-06-06,1340.65,1335.868,1339.8246
2019-06-07,1328.6,1336.2504999999999,1339.1736
2019-06-10,1324.3,1341.9105,1333.3126
2019-06-11,1332.35,1333.4575,1322.3246
2019-06-12,1335.9,1336.9075,1320.9153
2019-06-13,1351.25,1342.635,1322.6155
2019-06-14,1341.3,1344.475,1337.4312
2019-06-17,1341.35,1357.2625,1344.5452
2019-06-18,1344.05,1346.755,1337.2955
2019-06-19,1379.5,1346.965,1342.3501
2019-06-20,1397.15,1354.2475,1341.8662
2019-06-21,1405.7,1387.27,1376.3123
2019-06-24,1431.4,1398.8525,1358.3783
2019-06-25,1403.95,1403.005,1345.5192
2019-06-26,1402.5,1404.0775,1358.1584
2019-06-27,1409.0,1397.5475,1345.7198
2019-06-28,1390.1,1397.28,1355.7972
2019-07-01,1391.05,1401.8825,1348.187
2019-07-02,1413.5,1378.2975,1361.0109
2019-07-03,1414.9,1379.5725,1368.9219
2019-07-04,1388.65,1397.66,1361.6543
2019-07-05,1400.1,1395.035,1361.57
2019-07-08,1391.55,1364.685,1366.4531
2019-07-09,1408.3,1380.7875,1335.2909
2019-07-10,1413.75,1371.7,1356.6418
2019-07-11,1407.6,1391.4325,1356.4777
2019-07-12,1412.4,1396.9975,1360.0856
2019-07-15,1409.85,1392.8675,1355.4435
2019-07-16,1410.35,1396.0625,1354.8466
2019-07-17,1417.45,1394.9775,1363.911
2019-07-18,1439.7,1394.1925,1366.7463
2019-07-19,1427.75,1397.805,1365.7366
2019-07-22,1425.55,1406.8025,1374.431
2019-07-23,1426.95,1399.1125,1370.7738
2019-07-24,1416.1,1397.895,1382.7499
2019-07-25,1420.4,1398.1875,1375.611
2019-07-26,1419.05,1398.1575,1358.8063
2019-07-29,1425.9,1398.5625,1372.6038
2019-07-30,1427.55,1398.6825,1373.0631
2019-07-31,1406.8,1399.745,1378.5778
2019-08-01,1441.75,1401.535,1339.6082
2019-08-02,1465.25,1395.15,1329.3701
2019-08-05,1465.25,1416.25,1334.5825
2019-08-06,1506.05,1468.265,1337.2354
2019-08-07,1495.75,1470.91,1341.8494
2019-08-08,1497.7,1486.97,1371.0675
2019-08-09,1504.7,1486.945,1383.649
2019-08-12,1498.4,1491.7075,1375.105
2019-08-13,1513.25,1492.9375,1380.5941
2019-08-14,1515.65,1495.8025,1395.5608
2019-08-15,1515.25,1496.65,1426.5204
2019-08-16,1496.6,1496.585,1437.7661
2019-08-19,1504.55,1496.345,1446.8721
2019-08-20,1503.25,1497.11,1412.6625
2019-08-21,1502.05,1495.425,1405.062
2019-08-22,1503.8,1496.8575,1403.5631
2019-08-23,1503.8,1497.36,1404.4403
2019-08-26,1532.95,1494.435,1406.286
2019-08-27,1537.15,1495.845,1403.0745
2019-08-28,1540.2,1499.0925,1437.1967
2019-08-29,1528.4,1499.43,1432.8428
2019-08-30,1525.95,1512.3375,1525.376
2019-09-02,1537.85,1513.8475,1518.4244
2019-09-03,1546.1,1511.8525,1512.9587
2019-09-04,1529.1,1513.0925,1520.2346
2019-09-05,1523.7,1515.0525,1545.3765
2019-09-06,1509.2,1512.855,1530.699
2019-09-09,1498.25,1510.07,1519.5919
2019-09-10,1490.65,1505.835,1484.5028
2019-09-11,1515.2,1505.9475,1489.248
2019-09-12,1503.1,1507.4775,1496.1879
2019-09-13,1497.2,1506.125,1506.089
2019-09-16,1502.1,1505.055,1483.4827
2019-09-17,1503.5,1506.3,1476.1517
2019-09-18,1500.7,1505.98,1486.3928
2019-09-19,1501.9,1506.82,1483.4626
2019-09-20,1522.1,1506.6875,1482.2484
2019-09-23,1520.65,1506.605,1485.1357
2019-09-24,1528.75,1516.7575,1516.3046
2019-09-25,1506.4,1517.41,1515.6173
2019-09-26,1489.9,1527.68,1512.88
2019-09-27,1485.3,1505.8075,1496.7949
2019-09-30,1473.45,1508.0725,1501.4868
2019-10-01,1492.6,1508.9875,1491.4463
2019-10-02,1517.1,1494.61,1498.1077
2019-10-03,1499.15,1506.4975,1505.524
2019-10-04,1501.25,1513.33,1543.8541
2019-10-07,1505.85,1507.5125,1504.4949
2019-10-08,1507.25,1508.7175,1496.4115
2019-10-09,1494.8,1505.0825,1498.2825
2019-10-10,1479.15,1506.265,1503.144
2019-10-11,1490.6,1507.7225,1502.8575
2019-10-14,1487.8,1498.5425,1499.4233
2019-10-15,1485.1,1505.8825,1493.3639
2019-10-16,1492.65,1507.0975,1493.584
2019-10-17,1490.0,1507.1,1498.5819
2019-10-18,1491.65,1505.2125,1501.7092
2019-10-21,1485.35,1506.9325,1500.5448
2019-10-22,1494.45,1505.655,1496.5111
2019-10-23,1496.55,1505.6475,1495.7319
2019-10-24,1513.45,1503.715,1502.0037
2019-10-25,1492.4,1504.495,1504.2247
2019-10-28,1486.75,1507.64,1536.0569
2019-10-29,1492.1,1504.435,1497.603
2019-10-30,1510.95,1504.985,1493.9512
2019-10-31,1508.8,1503.4525,1488.5032
2019-11-01,1509.45,1507.045,1522.8525
2019-11-04,1488.95,1504.9525,1488.7965
2019-11-05,1486.05,1510.115,1483.2346
2019-11-06,1484.25,1506.245,1494.7495
2019-11-07,1464.15,1505.635,1485.8116
2019-11-08,1458.7,1505.755,1482.873
2019-11-11,1452.05,1474.935,1468.6533
2019-11-12,1462.9,1476.2175,1465.1744
2019-11-13,1466.65,1474.865,1468.0776
2019-11-14,1466.9,1477.15,1467.0679
2019-11-15,1467.65,1476.01,1499.3884
2019-11-18,1468.45,1469.9175,1492.3798
2019-11-19,1471.7,1471.65,1494.1953
2019-11-20,1467.05,1473.78,1500.6763
2019-11-21,1464.45,1475.195,1502.0155
2019-11-22,1458.4,1471.695,1499.6221
2019-11-25,1454.65,1465.4075,1457.5963
2019-11-26,1454.35,1466.005,1461.1119
2019-11-27,1454.65,1466.2875,1466.599
2019-11-28,1460.15,1467.8625,1468.4395
2019-11-29,1461.15,1468.965,1469.9025
2019-12-02,1477.3,1466.375,1466.7241
2019-12-03,1475.1,1467.38,1452.9921
2019-12-04,1475.95,1489.98,1489.4802
2019-12-05,1459.65,1489.555,1496.645
2019-12-06,1461.7,1489.225,1490.9408
2019-12-09,1464.95,1464.54,1463.8586
2019-12-10,1466.8,1467.3675,1454.372
2019-12-11,1467.8,1473.9425,1450.9667
2019-12-12,1466.6,1474.995,1486.7421
2019-12-13,1477.9,1471.1825,1397.4707
2019-12-16,1475.8,1468.6875,1395.7202
2019-12-17,1474.05,1481.9325,1390.8801
2019-12-18,1476.7,1495.7675,1478.5685
2019-12-19,1479.0,1490.535,1468.1522
2019-12-20,1482.1,1496.575,1476.437
2019-12-23,1482.1,1495.555,1478.1348
2019-12-24,1482.1,1505.82,1487.4989
2019-12-25,1482.1,1504.7775,1485.3702
2019-12-26,1511.5,1504.8025,1489.8789
2019-12-27,1514.75,1504.5675,1469.9374
2019-12-30,1514.75,1508.5875,1502.6863
2019-12-31,1514.75,1509.97,1511.3909
2020-01-01,1527.1,1499.2825,1499.6095
2020-01-02,1548.75,1499.3575,1498.6946
2020-01-03,1573.1,1514.1025,1502.7755
2020-01-06,1567.85,1526.3475,1530.754
2020-01-07,1571.95,1541.895,1535.1378
2020-01-08,1550.75,1523.94,1465.13
2020-01-09,1553.6,1530.84,1515.1674
2020-01-10,1549.9,1522.29,1523.2684
2020-01-13,1545.1,1504.63,1465.5889
2020-01-14,1549.0,1508.695,1476.0923
2020-01-15,1554.55,1503.9325,1461.2946
2020-01-16,1557.6,1520.7675,1455.151
2020-01-17,1560.15,1540.4485,1497.6299
2020-01-20,1551.3,1522.605,1519.7205
2020-01-21,1556.9,1502.9375,1459.8206
2020-01-22,1562.9,1523.0025,1518.824
2020-01-23,1564.3,1503.306,1452.8759
2020-01-24,1580.1,1498.8285,1453.753
2020-01-27,1574.0,1503.92,1465.9001
2020-01-28,1573.45,1529.6725,1474.1318
2020-01-29,1578.25,1515.355,1460.3632
2020-01-30,1584.2,1517.2875,1464.4994
2020-01-31,1574.75,1533.855,1474.5898
2020-02-03,1558.35,1546.6325,1474.3783
2020-02-04,1553.3,1527.3425,1488.171
2020-02-05,1563.3,1513.795,1485.4598
2020-02-06,1572.65,1512.36,1477.5963
2020-02-07,1573.2,1513.731,1467.6294
2020-02-10,1570.5,1526.4175,1469.8423
2020-02-11,1563.7,1516.25,1473.6954
2020-02-12,1575.05,1512.495,1476.5752
2020-02-13,1581.4,1504.615,1476.656
2020-02-14,1580.8,1519.3525,1462.5322
2020-02-17,1589.85,1537.32,1456.585
2020-02-18,1604.2,1537.2975,1458.7217
2020-02-19,1619.0,1560.3225,1470.1522
2020-02-20,1643.3,1596.6775,1543.9442
2020-02-21,1671.65,1614.5475,1572.2279
2020-02-24,1650.3,1644.635,1588.7137
2020-02-25,1634.9,1661.7375,1604.2546
2020-02-26,1652.0,1682.83,1632.0717
2020-02-27,1609.85,1653.9475,1614.094
2020-02-28,1599.65,1676.16,1645.5204
2020-03-02,1615.5,1603.72,1609.0125
2020-03-03,1641.85,1598.92,1624.7565
2020-03-04,1659.6,1614.4275,1624.2263
2020-03-05,1683.65,1668.0475,1658.1593
2020-03-06,1672.5,1679.375,1664.1786
2020-03-09,1655.7,1706.8525,1660.7032
2020-03-10,1653.75,1691.33,1661.1401
2020-03-11,1570.7,1688.64,1630.3582
2020-03-12,1562.8,1669.6375,1653.581
